date,commodity,state,variety,trans_mode,price,price_min,price_max,unit
2025-07-25,Corn,Illinois,,Truck,4.1175,3.9175,4.3375,$ Per Bushel
2025-07-25,Corn,Indiana,,Truck,4.3675,4.2175,4.5375,$ Per Bushel
2025-07-25,Corn,Iowa,,Truck,4.0096,3.7975,4.0875,$ Per Bushel
2025-07-25,Corn,Kansas,,Truck,3.9742,3.7675,4.1375,$ Per Bushel
2025-07-25,Corn,Michigan,,Truck,4.2175,4.0175,4.4175,$ Per Bushel
2025-07-25,Corn,Minnesota,,Truck,3.8589,3.7175,4.0475,$ Per Bushel
2025-07-25,Corn,Missouri,,Truck,3.95,3.7675,4.1675,$ Per Bushel
2025-07-25,Corn,Nebraska,,Truck,4.0642,3.8675,4.3675,$ Per Bushel
2025-07-25,Corn,Ohio,,Truck,4.4758,4.3675,4.6175,$ Per Bushel
2025-07-25,Corn,South Dakota,,Truck,3.7683,3.6675,3.9175,$ Per Bushel
2025-07-25,Corn,Wisconsin,,Truck,3.9115,3.6275,4.1175,$ Per Bushel
2025-07-28,Corn,Illinois,,Truck,4.0893,3.895,4.275,$ Per Bushel
2025-07-28,Corn,Indiana,,Truck,4.3294,4.145,4.515,$ Per Bushel
2025-07-28,Corn,Iowa,,Truck,3.9729,3.775,4.065,$ Per Bushel
2025-07-28,Corn,Kansas,,Truck,3.9517,3.745,4.115,$ Per Bushel
2025-07-28,Corn,Michigan,,Truck,4.195,3.995,4.395,$ Per Bushel
2025-07-28,Corn,Minnesota,,Truck,3.8364,3.695,4.025,$ Per Bushel
2025-07-28,Corn,Missouri,,Truck,3.9125,3.735,4.145,$ Per Bushel
2025-07-28,Corn,Nebraska,,Truck,4.0217,3.845,4.345,$ Per Bushel
2025-07-28,Corn,Ohio,,Truck,4.4367,4.295,4.595,$ Per Bushel
2025-07-28,Corn,South Dakota,,Truck,3.7425,3.645,3.895,$ Per Bushel
2025-07-28,Corn,Wisconsin,,Truck,3.89,3.61,4.095,$ Per Bushel
2025-07-29,Corn,Illinois,,Truck,4.0061,3.8175,4.1375,$ Per Bushel
2025-07-29,Corn,Indiana,,Truck,4.2475,3.9875,4.4375,$ Per Bushel
2025-07-29,Corn,Iowa,,Truck,3.9107,3.7175,4.0075,$ Per Bushel
2025-07-29,Corn,Kansas,,Truck,3.8542,3.6875,3.9875,$ Per Bushel
2025-07-29,Corn,Michigan,,Truck,4.1375,3.9375,4.3375,$ Per Bushel
2025-07-29,Corn,Minnesota,,Truck,3.7789,3.6375,3.9675,$ Per Bushel
2025-07-29,Corn,Missouri,,Truck,3.85,3.6675,4.0875,$ Per Bushel
2025-07-29,Corn,Nebraska,,Truck,3.9597,3.7675,4.2875,$ Per Bushel
2025-07-29,Corn,Ohio,,Truck,4.3708,4.2375,4.5375,$ Per Bushel
2025-07-29,Corn,South Dakota,,Truck,3.6858,3.5875,3.8375,$ Per Bushel
2025-07-29,Corn,Wisconsin,,Truck,3.834,3.56,4.0375,$ Per Bushel
2025-07-30,Corn,Illinois,,Truck,3.9496,3.7425,4.0625,$ Per Bushel
2025-07-30,Corn,Indiana,,Truck,4.1669,3.9425,4.3725,$ Per Bushel
2025-07-30,Corn,Iowa,,Truck,3.8894,3.8325,3.9925,$ Per Bushel
2025-07-30,Corn,Kansas,,Truck,3.8092,3.6425,3.9425,$ Per Bushel
2025-07-30,Corn,Michigan,,Truck,4.0925,3.8925,4.2925,$ Per Bushel
2025-07-30,Corn,Minnesota,,Truck,3.7411,3.6225,3.9225,$ Per Bushel
2025-07-30,Corn,Missouri,,Truck,3.76,3.6125,3.8925,$ Per Bushel
2025-07-30,Corn,Nebraska,,Truck,3.9075,3.7225,4.2425,$ Per Bushel
2025-07-30,Corn,Ohio,,Truck,4.3258,4.1925,4.4925,$ Per Bushel
2025-07-30,Corn,South Dakota,,Truck,3.6392,3.5425,3.7925,$ Per Bushel
2025-07-30,Corn,Wisconsin,,Truck,3.782,3.53,3.9925,$ Per Bushel
2025-07-31,Corn,Illinois,,Truck,3.9704,3.7675,4.0975,$ Per Bushel
2025-07-31,Corn,Indiana,,Truck,4.1442,3.9675,4.3375,$ Per Bushel
2025-07-31,Corn,Iowa,,Truck,3.878,3.6975,3.9875,$ Per Bushel
2025-07-31,Corn,Kansas,,Truck,3.8342,3.6675,3.9675,$ Per Bushel
2025-07-31,Corn,Michigan,,Truck,4.1075,3.9175,4.3175,$ Per Bushel
2025-07-31,Corn,Minnesota,,Truck,3.7618,3.6475,3.9475,$ Per Bushel
2025-07-31,Corn,Missouri,,Truck,3.7825,3.6275,3.9175,$ Per Bushel
2025-07-31,Corn,Nebraska,,Truck,3.9281,3.7475,4.2675,$ Per Bushel
2025-07-31,Corn,Ohio,,Truck,4.3508,4.2175,4.5175,$ Per Bushel
2025-07-31,Corn,South Dakota,,Truck,3.6575,3.5675,3.7675,$ Per Bushel
2025-07-31,Corn,Wisconsin,,Truck,3.8045,3.5425,4.0175,$ Per Bushel
2025-08-01,Corn,Illinois,,Truck,3.99,3.78,4.12,$ Per Bushel
2025-08-01,Corn,Indiana,,Truck,4.1611,3.99,4.36,$ Per Bushel
2025-08-01,Corn,Iowa,,Truck,3.8947,3.72,3.98,$ Per Bushel
2025-08-01,Corn,Kansas,,Truck,3.8567,3.69,3.99,$ Per Bushel
2025-08-01,Corn,Michigan,,Truck,4.12,3.94,4.29,$ Per Bushel
2025-08-01,Corn,Minnesota,,Truck,3.7786,3.67,3.93,$ Per Bushel
2025-08-01,Corn,Missouri,,Truck,3.7675,3.64,3.94,$ Per Bushel
2025-08-01,Corn,Nebraska,,Truck,3.9461,3.77,4.29,$ Per Bushel
2025-08-01,Corn,Ohio,,Truck,4.32,4.24,4.44,$ Per Bushel
2025-08-01,Corn,South Dakota,,Truck,3.68,3.59,3.79,$ Per Bushel
2025-08-01,Corn,Wisconsin,,Truck,3.8255,3.5575,4.04,$ Per Bushel
2025-08-04,Corn,Illinois,,Truck,3.9564,3.745,4.105,$ Per Bushel
2025-08-04,Corn,Indiana,,Truck,4.1183,3.945,4.285,$ Per Bushel
2025-08-04,Corn,Iowa,,Truck,3.8461,3.675,3.925,$ Per Bushel
2025-08-04,Corn,Kansas,,Truck,3.7783,3.595,3.945,$ Per Bushel
2025-08-04,Corn,Michigan,,Truck,4.065,3.895,4.245,$ Per Bushel
2025-08-04,Corn,Minnesota,,Truck,3.7421,3.675,3.845,$ Per Bushel
2025-08-04,Corn,Missouri,,Truck,3.72,3.595,3.895,$ Per Bushel
2025-08-04,Corn,Nebraska,,Truck,3.8956,3.725,4.095,$ Per Bushel
2025-08-04,Corn,Ohio,,Truck,4.195,3.995,4.295,$ Per Bushel
2025-08-04,Corn,South Dakota,,Truck,3.6342,3.545,3.745,$ Per Bushel
2025-08-04,Corn,Wisconsin,,Truck,3.7935,3.5275,3.995,$ Per Bushel
2025-08-05,Corn,Illinois,,Truck,3.9329,3.72,4.09,$ Per Bushel
2025-08-05,Corn,Indiana,,Truck,4.0889,3.92,4.22,$ Per Bushel
2025-08-05,Corn,Iowa,,Truck,3.8174,3.65,3.9,$ Per Bushel
2025-08-05,Corn,Kansas,,Truck,3.7533,3.57,3.92,$ Per Bushel
2025-08-05,Corn,Michigan,,Truck,4.03,3.87,4.17,$ Per Bushel
2025-08-05,Corn,Minnesota,,Truck,3.7143,3.63,3.82,$ Per Bushel
2025-08-05,Corn,Missouri,,Truck,3.67,3.57,3.77,$ Per Bushel
2025-08-05,Corn,Nebraska,,Truck,3.8741,3.69,4.07,$ Per Bushel
2025-08-05,Corn,Ohio,,Truck,4.1617,3.97,4.27,$ Per Bushel
2025-08-05,Corn,South Dakota,,Truck,3.6042,3.5,3.72,$ Per Bushel
2025-08-05,Corn,Wisconsin,,Truck,3.766,3.49,3.97,$ Per Bushel
2025-08-06,Corn,Illinois,,Truck,3.8821,3.675,4.035,$ Per Bushel
2025-08-06,Corn,Indiana,,Truck,4.0083,3.865,4.165,$ Per Bushel
2025-08-06,Corn,Iowa,,Truck,3.7658,3.595,3.845,$ Per Bushel
2025-08-06,Corn,Kansas,,Truck,3.6983,3.515,3.865,$ Per Bushel
2025-08-06,Corn,Michigan,,Truck,3.945,3.815,4.115,$ Per Bushel
2025-08-06,Corn,Minnesota,,Truck,3.6593,3.575,3.765,$ Per Bushel
2025-08-06,Corn,Missouri,,Truck,3.615,3.515,3.715,$ Per Bushel
2025-08-06,Corn,Nebraska,,Truck,3.8165,3.62,4.015,$ Per Bushel
2025-08-06,Corn,Ohio,,Truck,3.9817,3.815,4.115,$ Per Bushel
2025-08-06,Corn,South Dakota,,Truck,3.5533,3.445,3.665,$ Per Bushel
2025-08-06,Corn,Wisconsin,,Truck,3.712,3.44,3.915,$ Per Bushel
2025-08-07,Corn,Illinois,,Truck,3.8618,3.6575,4.0175,$ Per Bushel
2025-08-07,Corn,Indiana,,Truck,3.9775,3.8475,4.1475,$ Per Bushel
2025-08-07,Corn,Iowa,,Truck,3.7706,3.7175,3.8475,$ Per Bushel
2025-08-07,Corn,Kansas,,Truck,3.6808,3.4975,3.8475,$ Per Bushel
2025-08-07,Corn,Michigan,,Truck,3.9215,3.7975,4.0675,$ Per Bushel
2025-08-07,Corn,Minnesota,,Truck,3.6418,3.5575,3.7475,$ Per Bushel
2025-08-07,Corn,Missouri,,Truck,3.585,3.4975,3.6975,$ Per Bushel
2025-08-07,Corn,Nebraska,,Truck,3.7996,3.6125,3.9975,$ Per Bushel
2025-08-07,Corn,Ohio,,Truck,3.9392,3.7475,4.0975,$ Per Bushel
2025-08-07,Corn,South Dakota,,Truck,3.5375,3.4275,3.6475,$ Per Bushel
2025-08-07,Corn,Wisconsin,,Truck,3.7025,3.4325,3.8975,$ Per Bushel
2025-08-08,Corn,Illinois,,Truck,3.9093,3.705,4.065,$ Per Bushel
2025-08-08,Corn,Indiana,,Truck,4.0228,3.895,4.195,$ Per Bushel
2025-08-08,Corn,Iowa,,Truck,3.8165,3.765,3.895,$ Per Bushel
2025-08-08,Corn,Kansas,,Truck,3.7283,3.545,3.895,$ Per Bushel
2025-08-08,Corn,Michigan,,Truck,3.959,3.845,4.065,$ Per Bushel
2025-08-08,Corn,Minnesota,,Truck,3.6864,3.605,3.795,$ Per Bushel
2025-08-08,Corn,Missouri,,Truck,3.6325,3.545,3.745,$ Per Bushel
2025-08-08,Corn,Nebraska,,Truck,3.8424,3.67,3.995,$ Per Bushel
2025-08-08,Corn,Ohio,,Truck,3.9867,3.795,4.145,$ Per Bushel
2025-08-08,Corn,South Dakota,,Truck,3.5825,3.445,3.695,$ Per Bushel
2025-08-08,Corn,Wisconsin,,Truck,3.752,3.49,3.945,$ Per Bushel
2025-08-11,Corn,Illinois,,Truck,3.8918,3.6875,4.0475,$ Per Bushel
2025-08-11,Corn,Indiana,,Truck,4.0031,3.8775,4.1775,$ Per Bushel
2025-08-11,Corn,Iowa,,Truck,3.7572,3.6075,3.8275,$ Per Bushel
2025-08-11,Corn,Kansas,,Truck,3.7108,3.5275,3.8775,$ Per Bushel
2025-08-11,Corn,Michigan,,Truck,3.9415,3.8275,4.0475,$ Per Bushel
2025-08-11,Corn,Minnesota,,Truck,3.6575,3.5875,3.7275,$ Per Bushel
2025-08-11,Corn,Missouri,,Truck,3.615,3.5275,3.7275,$ Per Bushel
2025-08-11,Corn,Nebraska,,Truck,3.8197,3.655,3.9775,$ Per Bushel
2025-08-11,Corn,Ohio,,Truck,3.9275,3.7775,4.0775,$ Per Bushel
2025-08-11,Corn,South Dakota,,Truck,3.5583,3.4275,3.6775,$ Per Bushel
2025-08-11,Corn,Wisconsin,,Truck,3.711,3.455,3.9075,$ Per Bushel
2025-08-12,Corn,Illinois,,Truck,3.9186,3.71,4.07,$ Per Bushel
2025-08-12,Corn,Indiana,,Truck,4.0144,3.9,4.15,$ Per Bushel
2025-08-12,Corn,Iowa,,Truck,3.8223,3.77,3.9,$ Per Bushel
2025-08-12,Corn,Kansas,,Truck,3.7333,3.55,3.9,$ Per Bushel
2025-08-12,Corn,Michigan,,Truck,3.994,3.85,4.1,$ Per Bushel
2025-08-12,Corn,Minnesota,,Truck,3.68,3.61,3.75,$ Per Bushel
2025-08-12,Corn,Missouri,,Truck,3.645,3.55,3.75,$ Per Bushel
2025-08-12,Corn,Nebraska,,Truck,3.8375,3.6575,4.0,$ Per Bushel
2025-08-12,Corn,Ohio,,Truck,3.9167,3.8,4.1,$ Per Bushel
2025-08-12,Corn,South Dakota,,Truck,3.5842,3.47,3.7,$ Per Bushel
2025-08-12,Corn,Wisconsin,,Truck,3.7115,3.4775,3.9,$ Per Bushel
2025-08-13,Corn,Illinois,,Truck,3.795,3.575,3.935,$ Per Bushel
2025-08-13,Corn,Indiana,,Truck,3.8761,3.765,4.015,$ Per Bushel
2025-08-13,Corn,Iowa,,Truck,3.6434,3.495,3.765,$ Per Bushel
2025-08-13,Corn,Kansas,,Truck,3.5983,3.415,3.765,$ Per Bushel
2025-08-13,Corn,Michigan,,Truck,3.859,3.715,3.965,$ Per Bushel
2025-08-13,Corn,Minnesota,,Truck,3.5421,3.455,3.615,$ Per Bushel
2025-08-13,Corn,Missouri,,Truck,3.51,3.415,3.615,$ Per Bushel
2025-08-13,Corn,Nebraska,,Truck,3.6968,3.525,3.835,$ Per Bushel
2025-08-13,Corn,Ohio,,Truck,3.7817,3.665,3.915,$ Per Bushel
2025-08-13,Corn,South Dakota,,Truck,3.4417,3.335,3.565,$ Per Bushel
2025-08-13,Corn,Wisconsin,,Truck,3.577,3.345,3.765,$ Per Bushel
2025-08-14,Corn,Illinois,,Truck,3.8214,3.6,3.97,$ Per Bushel
2025-08-14,Corn,Indiana,,Truck,3.9044,3.79,4.04,$ Per Bushel
2025-08-14,Corn,Iowa,,Truck,3.6682,3.5,3.79,$ Per Bushel
2025-08-14,Corn,Kansas,,Truck,3.6233,3.44,3.79,$ Per Bushel
2025-08-14,Corn,Michigan,,Truck,3.876,3.74,3.99,$ Per Bushel
2025-08-14,Corn,Minnesota,,Truck,3.5671,3.48,3.64,$ Per Bushel
2025-08-14,Corn,Missouri,,Truck,3.5525,3.44,3.64,$ Per Bushel
2025-08-14,Corn,Nebraska,,Truck,3.7201,3.5525,3.86,$ Per Bushel
2025-08-14,Corn,Ohio,,Truck,3.815,3.69,3.94,$ Per Bushel
2025-08-14,Corn,South Dakota,,Truck,3.4658,3.36,3.59,$ Per Bushel
2025-08-14,Corn,Wisconsin,,Truck,3.6025,3.3725,3.79,$ Per Bushel
2025-08-15,Corn,Illinois,,Truck,3.8314,3.61,3.98,$ Per Bushel
2025-08-15,Corn,Indiana,,Truck,3.9167,3.8,4.05,$ Per Bushel
2025-08-15,Corn,Iowa,,Truck,3.7069,3.67,3.75,$ Per Bushel
2025-08-15,Corn,Kansas,,Truck,3.6242,3.45,3.8,$ Per Bushel
2025-08-15,Corn,Michigan,,Truck,3.866,3.75,4.0,$ Per Bushel
2025-08-15,Corn,Minnesota,,Truck,3.58,3.49,3.65,$ Per Bushel
2025-08-15,Corn,Missouri,,Truck,3.5625,3.45,3.65,$ Per Bushel
2025-08-15,Corn,Nebraska,,Truck,3.725,3.5525,3.87,$ Per Bushel
2025-08-15,Corn,Ohio,,Truck,3.85,3.75,4.0,$ Per Bushel
2025-08-15,Corn,South Dakota,,Truck,3.4742,3.37,3.6,$ Per Bushel
2025-08-15,Corn,Wisconsin,,Truck,3.6105,3.3725,3.8,$ Per Bushel
2025-08-18,Corn,Illinois,,Truck,3.9218,3.6975,4.0675,$ Per Bushel
2025-08-18,Corn,Indiana,,Truck,4.0097,3.8875,4.1875,$ Per Bushel
2025-08-18,Corn,Iowa,,Truck,3.763,3.5975,3.8875,$ Per Bushel
2025-08-18,Corn,Kansas,,Truck,3.7092,3.5375,3.8875,$ Per Bushel
2025-08-18,Corn,Michigan,,Truck,3.9335,3.7375,4.0875,$ Per Bushel
2025-08-18,Corn,Minnesota,,Truck,3.6675,3.5775,3.7375,$ Per Bushel
2025-08-18,Corn,Missouri,,Truck,3.65,3.5375,3.7375,$ Per Bushel
2025-08-18,Corn,Nebraska,,Truck,3.8116,3.6325,3.9575,$ Per Bushel
2025-08-18,Corn,Ohio,,Truck,3.9375,3.8375,4.0875,$ Per Bushel
2025-08-18,Corn,South Dakota,,Truck,3.5608,3.4875,3.6875,$ Per Bushel
2025-08-18,Corn,Wisconsin,,Truck,3.6905,3.4525,3.8575,$ Per Bushel
2025-08-19,Corn,Illinois,,Truck,3.91,3.73,4.08,$ Per Bushel
2025-08-19,Corn,Indiana,,Truck,4.0133,3.88,4.18,$ Per Bushel
2025-08-19,Corn,Iowa,,Truck,3.7862,3.75,3.84,$ Per Bushel
2025-08-19,Corn,Kansas,,Truck,3.7083,3.53,3.88,$ Per Bushel
2025-08-19,Corn,Michigan,,Truck,3.926,3.73,4.08,$ Per Bushel
2025-08-19,Corn,Minnesota,,Truck,3.66,3.57,3.73,$ Per Bushel
2025-08-19,Corn,Missouri,,Truck,3.6425,3.53,3.73,$ Per Bushel
2025-08-19,Corn,Nebraska,,Truck,3.81,3.63,3.95,$ Per Bushel
2025-08-19,Corn,Ohio,,Truck,3.9383,3.83,4.08,$ Per Bushel
2025-08-19,Corn,South Dakota,,Truck,3.5517,3.48,3.68,$ Per Bushel
2025-08-19,Corn,Wisconsin,,Truck,3.693,3.465,3.85,$ Per Bushel
2025-08-20,Corn,Illinois,,Truck,3.875,3.695,4.045,$ Per Bushel
2025-08-20,Corn,Indiana,,Truck,3.9617,3.745,4.145,$ Per Bushel
2025-08-20,Corn,Iowa,,Truck,3.7217,3.555,3.865,$ Per Bushel
2025-08-20,Corn,Kansas,,Truck,3.6742,3.495,3.845,$ Per Bushel
2025-08-20,Corn,Michigan,,Truck,3.891,3.695,4.045,$ Per Bushel
2025-08-20,Corn,Minnesota,,Truck,3.625,3.535,3.695,$ Per Bushel
2025-08-20,Corn,Missouri,,Truck,3.5975,3.495,3.695,$ Per Bushel
2025-08-20,Corn,Nebraska,,Truck,3.7841,3.595,3.995,$ Per Bushel
2025-08-20,Corn,Ohio,,Truck,3.9033,3.795,4.045,$ Per Bushel
2025-08-20,Corn,South Dakota,,Truck,3.5167,3.445,3.645,$ Per Bushel
2025-08-20,Corn,Wisconsin,,Truck,3.6585,3.4325,3.815,$ Per Bushel
2025-08-21,Corn,Illinois,,Truck,3.8743,3.7,4.1,$ Per Bushel
2025-08-21,Corn,Indiana,,Truck,3.9667,3.75,4.15,$ Per Bushel
2025-08-21,Corn,Iowa,,Truck,3.7274,3.56,3.85,$ Per Bushel
2025-08-21,Corn,Kansas,,Truck,3.68,3.5,3.85,$ Per Bushel
2025-08-21,Corn,Michigan,,Truck,3.896,3.7,4.05,$ Per Bushel
2025-08-21,Corn,Minnesota,,Truck,3.63,3.54,3.7,$ Per Bushel
2025-08-21,Corn,Missouri,,Truck,3.6025,3.5,3.7,$ Per Bushel
2025-08-21,Corn,Nebraska,,Truck,3.7882,3.6,4.0,$ Per Bushel
2025-08-21,Corn,Ohio,,Truck,3.9083,3.8,4.05,$ Per Bushel
2025-08-21,Corn,South Dakota,,Truck,3.5217,3.45,3.65,$ Per Bushel
2025-08-21,Corn,Wisconsin,,Truck,3.664,3.44,3.82,$ Per Bushel
2025-08-22,Corn,Illinois,,Truck,3.9218,3.7725,4.0975,$ Per Bushel
2025-08-22,Corn,Indiana,,Truck,4.0425,3.8225,4.2225,$ Per Bushel
2025-08-22,Corn,Iowa,,Truck,3.797,3.6325,3.8925,$ Per Bushel
2025-08-22,Corn,Kansas,,Truck,3.7692,3.6175,3.9225,$ Per Bushel
2025-08-22,Corn,Michigan,,Truck,3.9685,3.7725,4.1225,$ Per Bushel
2025-08-22,Corn,Minnesota,,Truck,3.7025,3.6125,3.7725,$ Per Bushel
2025-08-22,Corn,Missouri,,Truck,3.67,3.5725,3.7725,$ Per Bushel
2025-08-22,Corn,Nebraska,,Truck,3.861,3.6725,4.0725,$ Per Bushel
2025-08-22,Corn,Ohio,,Truck,3.9808,3.8725,4.1225,$ Per Bushel
2025-08-22,Corn,South Dakota,,Truck,3.59,3.4925,3.7225,$ Per Bushel
2025-08-22,Corn,Wisconsin,,Truck,3.7295,3.5175,3.8725,$ Per Bushel
2025-08-25,Corn,Illinois,,Truck,3.9343,3.7825,4.095,$ Per Bushel
2025-08-25,Corn,Indiana,,Truck,4.0581,3.8325,4.2325,$ Per Bushel
2025-08-25,Corn,Iowa,,Truck,3.8032,3.6425,3.9025,$ Per Bushel
2025-08-25,Corn,Kansas,,Truck,3.7708,3.615,3.9325,$ Per Bushel
2025-08-25,Corn,Michigan,,Truck,3.9785,3.7825,4.1325,$ Per Bushel
2025-08-25,Corn,Minnesota,,Truck,3.7082,3.6225,3.7825,$ Per Bushel
2025-08-25,Corn,Missouri,,Truck,3.675,3.5825,3.7825,$ Per Bushel
2025-08-25,Corn,Nebraska,,Truck,3.8743,3.6825,4.0825,$ Per Bushel
2025-08-25,Corn,Ohio,,Truck,3.9908,3.8825,4.1325,$ Per Bushel
2025-08-25,Corn,South Dakota,,Truck,3.5983,3.4825,3.7325,$ Per Bushel
2025-08-25,Corn,Wisconsin,,Truck,3.737,3.515,3.8825,$ Per Bushel
2025-08-26,Corn,Illinois,,Truck,3.9339,3.7925,4.0725,$ Per Bushel
2025-08-26,Corn,Indiana,,Truck,4.0714,3.8425,4.2925,$ Per Bushel
2025-08-26,Corn,Iowa,,Truck,3.8093,3.6525,3.8925,$ Per Bushel
2025-08-26,Corn,Kansas,,Truck,3.7792,3.6225,3.9425,$ Per Bushel
2025-08-26,Corn,Michigan,,Truck,3.9885,3.7925,4.1425,$ Per Bushel
2025-08-26,Corn,Minnesota,,Truck,3.7182,3.6325,3.7925,$ Per Bushel
2025-08-26,Corn,Missouri,,Truck,3.685,3.5925,3.7925,$ Per Bushel
2025-08-26,Corn,Nebraska,,Truck,3.8825,3.6925,4.0925,$ Per Bushel
2025-08-26,Corn,Ohio,,Truck,4.0175,3.8925,4.1425,$ Per Bushel
2025-08-26,Corn,South Dakota,,Truck,3.6075,3.5125,3.7425,$ Per Bushel
2025-08-26,Corn,Wisconsin,,Truck,3.7465,3.5225,3.8925,$ Per Bushel
2025-08-27,Corn,Illinois,,Truck,3.9136,3.775,4.045,$ Per Bushel
2025-08-27,Corn,Indiana,,Truck,4.0506,3.825,4.285,$ Per Bushel
2025-08-27,Corn,Iowa,,Truck,3.7808,3.635,3.875,$ Per Bushel
2025-08-27,Corn,Kansas,,Truck,3.7717,3.595,3.975,$ Per Bushel
2025-08-27,Corn,Michigan,,Truck,3.971,3.775,4.125,$ Per Bushel
2025-08-27,Corn,Minnesota,,Truck,3.695,3.615,3.775,$ Per Bushel
2025-08-27,Corn,Missouri,,Truck,3.645,3.575,3.775,$ Per Bushel
2025-08-27,Corn,Nebraska,,Truck,3.8644,3.675,4.095,$ Per Bushel
2025-08-27,Corn,Ohio,,Truck,3.9833,3.875,4.125,$ Per Bushel
2025-08-27,Corn,South Dakota,,Truck,3.5858,3.445,3.725,$ Per Bushel
2025-08-27,Corn,Wisconsin,,Truck,3.719,3.495,3.875,$ Per Bushel
2025-08-28,Corn,Illinois,,Truck,3.8607,3.725,4.01,$ Per Bushel
2025-08-28,Corn,Indiana,,Truck,4.0067,3.81,4.3,$ Per Bushel
2025-08-28,Corn,Iowa,,Truck,3.7654,3.675,3.875,$ Per Bushel
2025-08-28,Corn,Kansas,,Truck,3.8725,3.56,4.06,$ Per Bushel
2025-08-28,Corn,Michigan,,Truck,3.921,3.725,4.075,$ Per Bushel
2025-08-28,Corn,Minnesota,,Truck,3.6436,3.565,3.73,$ Per Bushel
2025-08-28,Corn,Missouri,,Truck,3.595,3.525,3.725,$ Per Bushel
2025-08-28,Corn,Nebraska,,Truck,3.8224,3.625,4.06,$ Per Bushel
2025-08-28,Corn,Ohio,,Truck,3.9392,3.825,4.075,$ Per Bushel
2025-08-28,Corn,South Dakota,,Truck,3.5354,3.425,3.675,$ Per Bushel
2025-08-28,Corn,Wisconsin,,Truck,3.668,3.46,3.825,$ Per Bushel
2025-08-29,Corn,Illinois,,Truck,3.8921,3.755,4.05,$ Per Bushel
2025-08-29,Corn,Indiana,,Truck,4.045,3.85,4.34,$ Per Bushel
2025-08-29,Corn,Iowa,,Truck,3.7734,3.615,3.86,$ Per Bushel
2025-08-29,Corn,Kansas,,Truck,3.9125,3.6,4.1,$ Per Bushel
2025-08-29,Corn,Michigan,,Truck,3.951,3.755,4.105,$ Per Bushel
2025-08-29,Corn,Minnesota,,Truck,3.6764,3.595,3.77,$ Per Bushel
2025-08-29,Corn,Missouri,,Truck,3.6113,3.555,3.7,$ Per Bushel
2025-08-29,Corn,Nebraska,,Truck,3.8594,3.655,4.1,$ Per Bushel
2025-08-29,Corn,Ohio,,Truck,3.9708,3.855,4.105,$ Per Bushel
2025-08-29,Corn,South Dakota,,Truck,3.5679,3.425,3.705,$ Per Bushel
2025-08-29,Corn,Wisconsin,,Truck,3.704,3.5,3.85,$ Per Bushel
2025-09-02,Corn,Illinois,,Truck,4.0057,3.88,4.1525,$ Per Bushel
2025-09-02,Corn,Indiana,,Truck,4.1683,3.9525,4.4425,$ Per Bushel
2025-09-02,Corn,Iowa,,Truck,3.878,3.74,3.9625,$ Per Bushel
2025-09-02,Corn,Kansas,,Truck,4.015,3.7025,4.2025,$ Per Bushel
2025-09-02,Corn,Michigan,,Truck,4.0605,3.88,4.23,$ Per Bushel
2025-09-02,Corn,Minnesota,,Truck,3.7871,3.7425,3.8725,$ Per Bushel
2025-09-02,Corn,Missouri,,Truck,3.7175,3.6525,3.8025,$ Per Bushel
2025-09-02,Corn,Nebraska,,Truck,3.9618,3.7725,4.2025,$ Per Bushel
2025-09-02,Corn,Ohio,,Truck,4.0917,3.9825,4.2025,$ Per Bushel
2025-09-02,Corn,South Dakota,,Truck,3.6756,3.5525,3.83,$ Per Bushel
2025-09-02,Corn,Wisconsin,,Truck,3.816,3.6025,3.9525,$ Per Bushel
2025-09-03,Corn,Illinois,,Truck,4.0471,3.9,4.18,$ Per Bushel
2025-09-03,Corn,Indiana,,Truck,4.1544,3.98,4.43,$ Per Bushel
2025-09-03,Corn,Iowa,,Truck,3.9063,3.78,4.01,$ Per Bushel
2025-09-03,Corn,Kansas,,Truck,4.105,3.73,4.48,$ Per Bushel
2025-09-03,Corn,Michigan,,Truck,4.07,3.93,4.23,$ Per Bushel
2025-09-03,Corn,Minnesota,,Truck,3.815,3.77,3.9,$ Per Bushel
2025-09-03,Corn,Missouri,,Truck,3.745,3.68,3.83,$ Per Bushel
2025-09-03,Corn,Nebraska,,Truck,3.9882,3.8,4.18,$ Per Bushel
2025-09-03,Corn,Ohio,,Truck,4.16,4.08,4.23,$ Per Bushel
2025-09-03,Corn,South Dakota,,Truck,3.705,3.58,3.88,$ Per Bushel
2025-09-03,Corn,Wisconsin,,Truck,3.826,3.68,3.98,$ Per Bushel
2025-09-04,Corn,Illinois,,Truck,3.9986,3.85,4.13,$ Per Bushel
2025-09-04,Corn,Indiana,,Truck,4.0989,3.88,4.33,$ Per Bushel
2025-09-04,Corn,Iowa,,Truck,3.8563,3.73,3.98,$ Per Bushel
2025-09-04,Corn,Kansas,,Truck,4.055,3.68,4.43,$ Per Bushel
2025-09-04,Corn,Michigan,,Truck,4.02,3.88,4.18,$ Per Bushel
2025-09-04,Corn,Minnesota,,Truck,3.765,3.72,3.85,$ Per Bushel
2025-09-04,Corn,Missouri,,Truck,3.72,3.63,3.78,$ Per Bushel
2025-09-04,Corn,Nebraska,,Truck,3.9382,3.75,4.13,$ Per Bushel
2025-09-04,Corn,Ohio,,Truck,4.1133,4.03,4.18,$ Per Bushel
2025-09-04,Corn,South Dakota,,Truck,3.6525,3.5,3.83,$ Per Bushel
2025-09-04,Corn,Wisconsin,,Truck,3.806,3.63,3.93,$ Per Bushel
2025-09-05,Corn,Illinois,,Truck,4.0104,3.8175,4.1475,$ Per Bushel
2025-09-05,Corn,Indiana,,Truck,4.1053,3.8975,4.2475,$ Per Bushel
2025-09-05,Corn,Iowa,,Truck,3.8643,3.7475,3.9975,$ Per Bushel
2025-09-05,Corn,Kansas,,Truck,4.035,3.6975,4.2975,$ Per Bushel
2025-09-05,Corn,Michigan,,Truck,4.0375,3.8975,4.1975,$ Per Bushel
2025-09-05,Corn,Minnesota,,Truck,3.7792,3.7375,3.8675,$ Per Bushel
2025-09-05,Corn,Missouri,,Truck,3.7375,3.6475,3.7975,$ Per Bushel
2025-09-05,Corn,Nebraska,,Truck,3.9557,3.7675,4.1475,$ Per Bushel
2025-09-05,Corn,Ohio,,Truck,4.1308,4.0475,4.1975,$ Per Bushel
2025-09-05,Corn,South Dakota,,Truck,3.6492,3.5175,3.8475,$ Per Bushel
2025-09-05,Corn,Wisconsin,,Truck,3.8235,3.6475,3.9475,$ Per Bushel
2025-09-08,Corn,Illinois,,Truck,3.9929,3.8,4.13,$ Per Bushel
2025-09-08,Corn,Indiana,,Truck,4.1022,3.88,4.23,$ Per Bushel
2025-09-08,Corn,Iowa,,Truck,3.8662,3.78,3.98,$ Per Bushel
2025-09-08,Corn,Kansas,,Truck,4.0175,3.68,4.28,$ Per Bushel
2025-09-08,Corn,Michigan,,Truck,4.0,3.88,4.08,$ Per Bushel
2025-09-08,Corn,Minnesota,,Truck,3.7617,3.72,3.85,$ Per Bushel
2025-09-08,Corn,Missouri,,Truck,3.72,3.63,3.78,$ Per Bushel
2025-09-08,Corn,Nebraska,,Truck,3.9347,3.74,4.13,$ Per Bushel
2025-09-08,Corn,Ohio,,Truck,4.1133,4.03,4.18,$ Per Bushel
2025-09-08,Corn,South Dakota,,Truck,3.6317,3.5,3.83,$ Per Bushel
2025-09-08,Corn,Wisconsin,,Truck,3.776,3.63,3.93,$ Per Bushel
2025-09-09,Corn,Illinois,,Truck,4.0304,3.8375,4.1675,$ Per Bushel
2025-09-09,Corn,Indiana,,Truck,4.1197,3.9175,4.2375,$ Per Bushel
2025-09-09,Corn,Iowa,,Truck,3.899,3.8175,4.0175,$ Per Bushel
2025-09-09,Corn,Kansas,,Truck,3.955,3.7175,4.1675,$ Per Bushel
2025-09-09,Corn,Michigan,,Truck,4.0375,3.9175,4.1175,$ Per Bushel
2025-09-09,Corn,Minnesota,,Truck,3.7992,3.7475,3.8875,$ Per Bushel
2025-09-09,Corn,Missouri,,Truck,3.7675,3.6675,3.8175,$ Per Bushel
2025-09-09,Corn,Nebraska,,Truck,3.9663,3.7775,4.1175,$ Per Bushel
2025-09-09,Corn,Ohio,,Truck,4.1592,4.0675,4.2675,$ Per Bushel
2025-09-09,Corn,South Dakota,,Truck,3.6692,3.5375,3.8675,$ Per Bushel
2025-09-09,Corn,Wisconsin,,Truck,3.8295,3.6675,3.9675,$ Per Bushel
2025-09-10,Corn,Illinois,,Truck,4.0146,3.8175,4.1475,$ Per Bushel
2025-09-10,Corn,Indiana,,Truck,4.0997,3.8975,4.2175,$ Per Bushel
2025-09-10,Corn,Iowa,,Truck,3.8601,3.7475,3.9375,$ Per Bushel
2025-09-10,Corn,Kansas,,Truck,3.9725,3.7975,4.1475,$ Per Bushel
2025-09-10,Corn,Michigan,,Truck,3.9875,3.8975,4.0975,$ Per Bushel
2025-09-10,Corn,Minnesota,,Truck,3.7792,3.7275,3.8675,$ Per Bushel
2025-09-10,Corn,Missouri,,Truck,3.7475,3.6475,3.7975,$ Per Bushel
2025-09-10,Corn,Nebraska,,Truck,3.9451,3.7575,4.0775,$ Per Bushel
2025-09-10,Corn,Ohio,,Truck,4.1392,4.0475,4.2475,$ Per Bushel
2025-09-10,Corn,South Dakota,,Truck,3.6425,3.5175,3.8475,$ Per Bushel
2025-09-10,Corn,Wisconsin,,Truck,3.8095,3.6475,3.9475,$ Per Bushel
2025-09-11,Corn,Illinois,,Truck,3.9943,3.79,4.15,$ Per Bushel
2025-09-11,Corn,Indiana,,Truck,4.0611,3.87,4.19,$ Per Bushel
2025-09-11,Corn,Iowa,,Truck,3.8446,3.77,3.97,$ Per Bushel
2025-09-11,Corn,Kansas,,Truck,3.945,3.77,4.12,$ Per Bushel
2025-09-11,Corn,Michigan,,Truck,3.96,3.87,4.07,$ Per Bushel
2025-09-11,Corn,Minnesota,,Truck,3.7483,3.68,3.84,$ Per Bushel
2025-09-11,Corn,Missouri,,Truck,3.7325,3.62,3.82,$ Per Bushel
2025-09-11,Corn,Nebraska,,Truck,3.9071,3.73,4.05,$ Per Bushel
2025-09-11,Corn,Ohio,,Truck,4.1117,4.02,4.22,$ Per Bushel
2025-09-11,Corn,South Dakota,,Truck,3.6208,3.49,3.82,$ Per Bushel
2025-09-11,Corn,Wisconsin,,Truck,3.782,3.62,3.92,$ Per Bushel
2025-09-12,Corn,Illinois,,Truck,4.0175,3.8175,4.1875,$ Per Bushel
2025-09-12,Corn,Indiana,,Truck,4.0886,3.8975,4.2175,$ Per Bushel
2025-09-12,Corn,Iowa,,Truck,3.857,3.7475,3.9375,$ Per Bushel
2025-09-12,Corn,Kansas,,Truck,3.9725,3.7975,4.1475,$ Per Bushel
2025-09-12,Corn,Michigan,,Truck,3.9775,3.8975,4.0975,$ Per Bushel
2025-09-12,Corn,Minnesota,,Truck,3.7675,3.7075,3.8675,$ Per Bushel
2025-09-12,Corn,Missouri,,Truck,3.76,3.6475,3.8475,$ Per Bushel
2025-09-12,Corn,Nebraska,,Truck,3.9287,3.7575,4.0775,$ Per Bushel
2025-09-12,Corn,Ohio,,Truck,4.1392,4.0475,4.2475,$ Per Bushel
2025-09-12,Corn,South Dakota,,Truck,3.6483,3.5175,3.8475,$ Per Bushel
2025-09-12,Corn,Wisconsin,,Truck,3.8095,3.6475,3.9475,$ Per Bushel
2025-09-15,Corn,Illinois,,Truck,4.1257,3.92,4.32,$ Per Bushel
2025-09-15,Corn,Indiana,,Truck,4.1689,4.0,4.32,$ Per Bushel
2025-09-15,Corn,Iowa,,Truck,3.9553,3.85,4.04,$ Per Bushel
2025-09-15,Corn,Kansas,,Truck,4.05,3.9,4.15,$ Per Bushel
2025-09-15,Corn,Michigan,,Truck,4.08,4.0,4.2,$ Per Bushel
2025-09-15,Corn,Minnesota,,Truck,3.87,3.81,3.97,$ Per Bushel
2025-09-15,Corn,Missouri,,Truck,3.85,3.7,3.95,$ Per Bushel
2025-09-15,Corn,Nebraska,,Truck,4.0365,3.85,4.18,$ Per Bushel
2025-09-15,Corn,Ohio,,Truck,4.2583,4.15,4.4,$ Per Bushel
2025-09-15,Corn,South Dakota,,Truck,3.7467,3.62,3.95,$ Per Bushel
2025-09-15,Corn,Wisconsin,,Truck,3.912,3.75,4.05,$ Per Bushel
2025-09-16,Corn,Illinois,,Truck,4.0625,3.8525,4.2725,$ Per Bushel
2025-09-16,Corn,Indiana,,Truck,4.0814,3.9025,4.2525,$ Per Bushel
2025-09-16,Corn,Iowa,,Truck,3.8841,3.7525,3.9725,$ Per Bushel
2025-09-16,Corn,Kansas,,Truck,3.945,3.8325,4.0325,$ Per Bushel
2025-09-16,Corn,Michigan,,Truck,4.0125,3.9325,4.1325,$ Per Bushel
2025-09-16,Corn,Minnesota,,Truck,3.7942,3.7325,3.9025,$ Per Bushel
2025-09-16,Corn,Missouri,,Truck,3.77,3.6325,3.8825,$ Per Bushel
2025-09-16,Corn,Nebraska,,Truck,3.9696,3.7825,4.1125,$ Per Bushel
2025-09-16,Corn,Ohio,,Truck,4.1408,4.0825,4.2825,$ Per Bushel
2025-09-16,Corn,South Dakota,,Truck,3.6675,3.5025,3.8325,$ Per Bushel
2025-09-16,Corn,Wisconsin,,Truck,3.8445,3.6825,3.9825,$ Per Bushel
2025-09-17,Corn,Illinois,,Truck,4.1464,3.915,4.335,$ Per Bushel
2025-09-17,Corn,Indiana,,Truck,4.1361,3.965,4.245,$ Per Bushel
2025-09-17,Corn,Iowa,,Truck,3.9382,3.795,4.005,$ Per Bushel
2025-09-17,Corn,Kansas,,Truck,3.9825,3.845,4.095,$ Per Bushel
2025-09-17,Corn,Michigan,,Truck,4.075,3.995,4.195,$ Per Bushel
2025-09-17,Corn,Minnesota,,Truck,3.8533,3.795,3.965,$ Per Bushel
2025-09-17,Corn,Missouri,,Truck,3.8325,3.695,3.945,$ Per Bushel
2025-09-17,Corn,Nebraska,,Truck,4.0132,3.845,4.175,$ Per Bushel
2025-09-17,Corn,Ohio,,Truck,4.245,4.145,4.445,$ Per Bushel
2025-09-17,Corn,South Dakota,,Truck,3.73,3.565,3.895,$ Per Bushel
2025-09-17,Corn,Wisconsin,,Truck,3.901,3.745,4.045,$ Per Bushel
2025-09-18,Corn,Illinois,,Truck,4.0946,3.8875,4.3075,$ Per Bushel
2025-09-18,Corn,Indiana,,Truck,4.1219,3.9375,4.2875,$ Per Bushel
2025-09-18,Corn,Iowa,,Truck,3.9313,3.8175,4.0975,$ Per Bushel
2025-09-18,Corn,Kansas,,Truck,3.9425,3.8175,4.0675,$ Per Bushel
2025-09-18,Corn,Michigan,,Truck,4.0275,3.8675,4.1675,$ Per Bushel
2025-09-18,Corn,Minnesota,,Truck,3.8258,3.7675,3.9375,$ Per Bushel
2025-09-18,Corn,Missouri,,Truck,3.8175,3.6675,3.9175,$ Per Bushel
2025-09-18,Corn,Nebraska,,Truck,4.0051,3.8175,4.3175,$ Per Bushel
2025-09-18,Corn,Ohio,,Truck,4.1842,4.0675,4.4175,$ Per Bushel
2025-09-18,Corn,South Dakota,,Truck,3.6983,3.5375,3.8675,$ Per Bushel
2025-09-18,Corn,Wisconsin,,Truck,3.8695,3.7175,4.0175,$ Per Bushel
2025-09-19,Corn,Illinois,,Truck,4.0618,3.8575,4.2975,$ Per Bushel
2025-09-19,Corn,Indiana,,Truck,4.1064,3.9075,4.2875,$ Per Bushel
2025-09-19,Corn,Iowa,,Truck,3.8807,3.7575,3.9375,$ Per Bushel
2025-09-19,Corn,Kansas,,Truck,3.9125,3.7875,4.0375,$ Per Bushel
2025-09-19,Corn,Michigan,,Truck,3.9975,3.8375,4.1375,$ Per Bushel
2025-09-19,Corn,Minnesota,,Truck,3.7758,3.7375,3.8375,$ Per Bushel
2025-09-19,Corn,Missouri,,Truck,3.7825,3.6175,3.8875,$ Per Bushel
2025-09-19,Corn,Nebraska,,Truck,3.9722,3.7875,4.2875,$ Per Bushel
2025-09-19,Corn,Ohio,,Truck,4.1708,4.0375,4.3875,$ Per Bushel
2025-09-19,Corn,South Dakota,,Truck,3.6767,3.5075,3.8875,$ Per Bushel
2025-09-19,Corn,Wisconsin,,Truck,3.8395,3.6875,3.9875,$ Per Bushel
2025-09-22,Corn,Illinois,,Truck,4.06,3.86,4.3,$ Per Bushel
2025-09-22,Corn,Indiana,,Truck,4.12,3.91,4.34,$ Per Bushel
2025-09-22,Corn,Iowa,,Truck,3.8821,3.76,3.94,$ Per Bushel
2025-09-22,Corn,Kansas,,Truck,3.915,3.79,4.04,$ Per Bushel
2025-09-22,Corn,Michigan,,Truck,4.0,3.84,4.14,$ Per Bushel
2025-09-22,Corn,Minnesota,,Truck,3.7783,3.74,3.84,$ Per Bushel
2025-09-22,Corn,Missouri,,Truck,3.785,3.62,3.89,$ Per Bushel
2025-09-22,Corn,Nebraska,,Truck,3.9788,3.79,4.29,$ Per Bushel
2025-09-22,Corn,Ohio,,Truck,4.14,3.99,4.24,$ Per Bushel
2025-09-22,Corn,South Dakota,,Truck,3.6833,3.51,3.89,$ Per Bushel
2025-09-22,Corn,Wisconsin,,Truck,3.836,3.69,3.99,$ Per Bushel
2025-09-23,Corn,Illinois,,Truck,4.0489,3.8975,4.2775,$ Per Bushel
2025-09-23,Corn,Indiana,,Truck,4.0919,3.8875,4.3175,$ Per Bushel
2025-09-23,Corn,Iowa,,Truck,3.8675,3.7375,4.0175,$ Per Bushel
2025-09-23,Corn,Kansas,,Truck,3.88,3.7175,4.0175,$ Per Bushel
2025-09-23,Corn,Michigan,,Truck,3.9175,3.8175,4.1175,$ Per Bushel
2025-09-23,Corn,Minnesota,,Truck,3.7558,3.7175,3.8175,$ Per Bushel
2025-09-23,Corn,Missouri,,Truck,3.7625,3.5975,3.8675,$ Per Bushel
2025-09-23,Corn,Nebraska,,Truck,3.9299,3.7975,4.0975,$ Per Bushel
2025-09-23,Corn,Ohio,,Truck,4.1092,3.9675,4.2175,$ Per Bushel
2025-09-23,Corn,South Dakota,,Truck,3.6742,3.4875,3.8675,$ Per Bushel
2025-09-23,Corn,Wisconsin,,Truck,3.8195,3.6675,3.9675,$ Per Bushel
2025-09-24,Corn,Illinois,,Truck,4.0868,3.9425,4.3225,$ Per Bushel
2025-09-24,Corn,Indiana,,Truck,4.1492,3.9325,4.4425,$ Per Bushel
2025-09-24,Corn,Iowa,,Truck,3.9083,3.7825,4.0625,$ Per Bushel
2025-09-24,Corn,Kansas,,Truck,3.9125,3.7625,4.0125,$ Per Bushel
2025-09-24,Corn,Michigan,,Truck,3.9625,3.8625,4.1625,$ Per Bushel
2025-09-24,Corn,Minnesota,,Truck,3.8042,3.7625,3.8625,$ Per Bushel
2025-09-24,Corn,Missouri,,Truck,3.8075,3.6425,3.9125,$ Per Bushel
2025-09-24,Corn,Nebraska,,Truck,3.9784,3.8625,4.1825,$ Per Bushel
2025-09-24,Corn,Ohio,,Truck,4.1458,4.0125,4.2625,$ Per Bushel
2025-09-24,Corn,South Dakota,,Truck,3.7192,3.5325,3.9125,$ Per Bushel
2025-09-24,Corn,Wisconsin,,Truck,3.8645,3.7125,4.0125,$ Per Bushel
2025-09-25,Corn,Illinois,,Truck,4.0711,3.9225,4.3025,$ Per Bushel
2025-09-25,Corn,Indiana,,Truck,4.1314,3.9125,4.4425,$ Per Bushel
2025-09-25,Corn,Iowa,,Truck,3.8883,3.7625,4.0425,$ Per Bushel
2025-09-25,Corn,Kansas,,Truck,3.8925,3.7425,3.9925,$ Per Bushel
2025-09-25,Corn,Michigan,,Truck,3.9425,3.8425,4.1425,$ Per Bushel
2025-09-25,Corn,Minnesota,,Truck,3.7958,3.7225,3.8925,$ Per Bushel
2025-09-25,Corn,Missouri,,Truck,3.805,3.6425,3.8925,$ Per Bushel
2025-09-25,Corn,Nebraska,,Truck,3.9601,3.8425,4.1625,$ Per Bushel
2025-09-25,Corn,Ohio,,Truck,4.1258,3.9925,4.2425,$ Per Bushel
2025-09-25,Corn,South Dakota,,Truck,3.6908,3.5125,3.8925,$ Per Bushel
2025-09-25,Corn,Wisconsin,,Truck,3.8625,3.6925,3.9925,$ Per Bushel
2025-09-26,Corn,Illinois,,Truck,4.0875,3.9375,4.3175,$ Per Bushel
2025-09-26,Corn,Indiana,,Truck,4.1486,3.9275,4.5075,$ Per Bushel
2025-09-26,Corn,Iowa,,Truck,3.926,3.8375,4.0075,$ Per Bushel
2025-09-26,Corn,Kansas,,Truck,3.9075,3.7575,4.0075,$ Per Bushel
2025-09-26,Corn,Michigan,,Truck,4.0075,3.8575,4.1575,$ Per Bushel
2025-09-26,Corn,Minnesota,,Truck,3.8192,3.7375,3.9075,$ Per Bushel
2025-09-26,Corn,Missouri,,Truck,3.8075,3.6575,3.9075,$ Per Bushel
2025-09-26,Corn,Nebraska,,Truck,3.9722,3.8275,4.1575,$ Per Bushel
2025-09-26,Corn,Ohio,,Truck,4.1125,4.0075,4.1575,$ Per Bushel
2025-09-26,Corn,South Dakota,,Truck,3.6975,3.5275,3.9075,$ Per Bushel
2025-09-26,Corn,Wisconsin,,Truck,3.8715,3.7075,4.0075,$ Per Bushel
2025-09-29,Corn,Illinois,,Truck,4.0557,3.92,4.28,$ Per Bushel
2025-09-29,Corn,Indiana,,Truck,4.1078,3.89,4.47,$ Per Bushel
2025-09-29,Corn,Iowa,,Truck,3.8915,3.82,3.97,$ Per Bushel
2025-09-29,Corn,Kansas,,Truck,3.87,3.72,3.97,$ Per Bushel
2025-09-29,Corn,Michigan,,Truck,3.97,3.82,4.12,$ Per Bushel
2025-09-29,Corn,Minnesota,,Truck,3.795,3.7,3.9,$ Per Bushel
2025-09-29,Corn,Missouri,,Truck,3.77,3.62,3.87,$ Per Bushel
2025-09-29,Corn,Nebraska,,Truck,3.9329,3.79,4.12,$ Per Bushel
2025-09-29,Corn,Ohio,,Truck,4.075,3.97,4.12,$ Per Bushel
2025-09-29,Corn,South Dakota,,Truck,3.6617,3.52,3.87,$ Per Bushel
2025-09-29,Corn,Wisconsin,,Truck,3.84,3.67,3.97,$ Per Bushel
2025-09-30,Corn,Illinois,,Truck,4.0607,3.915,4.335,$ Per Bushel
2025-09-30,Corn,Indiana,,Truck,4.1006,3.885,4.465,$ Per Bushel
2025-09-30,Corn,Iowa,,Truck,3.8545,3.735,3.915,$ Per Bushel
2025-09-30,Corn,Kansas,,Truck,3.865,3.715,3.965,$ Per Bushel
2025-09-30,Corn,Michigan,,Truck,3.965,3.815,4.115,$ Per Bushel
2025-09-30,Corn,Minnesota,,Truck,3.7983,3.695,3.895,$ Per Bushel
2025-09-30,Corn,Missouri,,Truck,3.7725,3.615,3.915,$ Per Bushel
2025-09-30,Corn,Nebraska,,Truck,3.9338,3.785,4.115,$ Per Bushel
2025-09-30,Corn,Ohio,,Truck,4.0283,3.965,4.115,$ Per Bushel
2025-09-30,Corn,South Dakota,,Truck,3.65,3.485,3.815,$ Per Bushel
2025-09-30,Corn,Wisconsin,,Truck,3.835,3.665,3.965,$ Per Bushel
2025-10-01,Corn,Illinois,,Truck,4.0293,3.855,4.305,$ Per Bushel
2025-10-01,Corn,Indiana,,Truck,4.0461,3.825,4.405,$ Per Bushel
2025-10-01,Corn,Iowa,,Truck,3.8381,3.785,3.955,$ Per Bushel
2025-10-01,Corn,Kansas,,Truck,3.805,3.655,3.905,$ Per Bushel
2025-10-01,Corn,Michigan,,Truck,3.905,3.755,4.055,$ Per Bushel
2025-10-01,Corn,Minnesota,,Truck,3.7333,3.635,3.805,$ Per Bushel
2025-10-01,Corn,Missouri,,Truck,3.7125,3.555,3.855,$ Per Bushel
2025-10-01,Corn,Nebraska,,Truck,3.8709,3.725,4.055,$ Per Bushel
2025-10-01,Corn,Ohio,,Truck,3.9683,3.905,4.055,$ Per Bushel
2025-10-01,Corn,South Dakota,,Truck,3.59,3.425,3.755,$ Per Bushel
2025-10-01,Corn,Wisconsin,,Truck,3.775,3.605,3.905,$ Per Bushel
2025-10-02,Corn,Illinois,,Truck,4.055,3.865,4.315,$ Per Bushel
2025-10-02,Corn,Indiana,,Truck,4.045,3.835,4.415,$ Per Bushel
2025-10-02,Corn,Iowa,,Truck,3.8171,3.685,3.965,$ Per Bushel
2025-10-02,Corn,Kansas,,Truck,3.815,3.665,3.915,$ Per Bushel
2025-10-02,Corn,Michigan,,Truck,3.975,3.765,4.065,$ Per Bushel
2025-10-02,Corn,Minnesota,,Truck,3.7267,3.645,3.815,$ Per Bushel
2025-10-02,Corn,Missouri,,Truck,3.7275,3.565,3.865,$ Per Bushel
2025-10-02,Corn,Nebraska,,Truck,3.9111,3.735,4.215,$ Per Bushel
2025-10-02,Corn,Ohio,,Truck,3.9733,3.915,4.065,$ Per Bushel
2025-10-02,Corn,South Dakota,,Truck,3.5958,3.435,3.765,$ Per Bushel
2025-10-02,Corn,Wisconsin,,Truck,3.775,3.615,3.915,$ Per Bushel
2025-10-03,Corn,Illinois,,Truck,4.1204,3.9675,4.3675,$ Per Bushel
2025-10-03,Corn,Indiana,,Truck,4.1042,3.8875,4.4675,$ Per Bushel
2025-10-03,Corn,Iowa,,Truck,3.8528,3.7375,3.9675,$ Per Bushel
2025-10-03,Corn,Kansas,,Truck,3.8675,3.7175,3.9675,$ Per Bushel
2025-10-03,Corn,Michigan,,Truck,4.0275,3.8175,4.1175,$ Per Bushel
2025-10-03,Corn,Minnesota,,Truck,3.7875,3.6975,3.8675,$ Per Bushel
2025-10-03,Corn,Missouri,,Truck,3.78,3.6175,3.9175,$ Per Bushel
2025-10-03,Corn,Nebraska,,Truck,3.9636,3.7875,4.2675,$ Per Bushel
2025-10-03,Corn,Ohio,,Truck,4.0258,3.9675,4.1175,$ Per Bushel
2025-10-03,Corn,South Dakota,,Truck,3.6433,3.4875,3.8175,$ Per Bushel
2025-10-03,Corn,Wisconsin,,Truck,3.8275,3.6675,3.9675,$ Per Bushel
2025-10-06,Corn,Illinois,,Truck,4.1029,3.94,4.39,$ Per Bushel
2025-10-06,Corn,Indiana,,Truck,4.0933,3.86,4.44,$ Per Bushel
2025-10-06,Corn,Iowa,,Truck,3.8237,3.71,3.91,$ Per Bushel
2025-10-06,Corn,Kansas,,Truck,3.8025,3.69,3.89,$ Per Bushel
2025-10-06,Corn,Michigan,,Truck,3.98,3.79,4.09,$ Per Bushel
2025-10-06,Corn,Minnesota,,Truck,3.755,3.67,3.81,$ Per Bushel
2025-10-06,Corn,Missouri,,Truck,3.7525,3.59,3.89,$ Per Bushel
2025-10-06,Corn,Nebraska,,Truck,3.935,3.76,4.24,$ Per Bushel
2025-10-06,Corn,Ohio,,Truck,3.9983,3.94,4.09,$ Per Bushel
2025-10-06,Corn,South Dakota,,Truck,3.6192,3.46,3.79,$ Per Bushel
2025-10-06,Corn,Wisconsin,,Truck,3.8,3.64,3.94,$ Per Bushel
2025-10-07,Corn,Illinois,,Truck,4.1146,3.9175,4.4175,$ Per Bushel
2025-10-07,Corn,Indiana,,Truck,4.0919,3.8875,4.4675,$ Per Bushel
2025-10-07,Corn,Iowa,,Truck,3.8486,3.7675,3.9175,$ Per Bushel
2025-10-07,Corn,Kansas,,Truck,3.8175,3.7175,3.9175,$ Per Bushel
2025-10-07,Corn,Michigan,,Truck,4.0075,3.8175,4.1175,$ Per Bushel
2025-10-07,Corn,Minnesota,,Truck,3.7858,3.7175,3.8375,$ Per Bushel
2025-10-07,Corn,Missouri,,Truck,3.8175,3.6675,3.9175,$ Per Bushel
2025-10-07,Corn,Nebraska,,Truck,3.9458,3.7875,4.2675,$ Per Bushel
2025-10-07,Corn,Ohio,,Truck,4.0092,3.9675,4.1175,$ Per Bushel
2025-10-07,Corn,South Dakota,,Truck,3.6325,3.4875,3.7675,$ Per Bushel
2025-10-07,Corn,Wisconsin,,Truck,3.8135,3.6675,3.9675,$ Per Bushel
2025-10-08,Corn,Illinois,,Truck,4.1175,3.9475,4.3975,$ Per Bushel
2025-10-08,Corn,Indiana,,Truck,4.0586,3.8675,4.4475,$ Per Bushel
2025-10-08,Corn,Iowa,,Truck,3.8783,3.8175,3.9975,$ Per Bushel
2025-10-08,Corn,Kansas,,Truck,3.7975,3.6975,3.8975,$ Per Bushel
2025-10-08,Corn,Michigan,,Truck,3.9875,3.7975,4.0975,$ Per Bushel
2025-10-08,Corn,Minnesota,,Truck,3.7625,3.6975,3.8175,$ Per Bushel
2025-10-08,Corn,Missouri,,Truck,3.7975,3.6475,3.8975,$ Per Bushel
2025-10-08,Corn,Nebraska,,Truck,3.9619,3.7475,4.3475,$ Per Bushel
2025-10-08,Corn,Ohio,,Truck,3.9975,3.9475,4.0975,$ Per Bushel
2025-10-08,Corn,South Dakota,,Truck,3.6125,3.4675,3.7475,$ Per Bushel
2025-10-08,Corn,Wisconsin,,Truck,3.8135,3.6475,3.9475,$ Per Bushel
2025-10-09,Corn,Illinois,,Truck,4.1557,3.97,4.45,$ Per Bushel
2025-10-09,Corn,Indiana,,Truck,4.0756,3.89,4.47,$ Per Bushel
2025-10-09,Corn,Iowa,,Truck,3.8521,3.77,3.92,$ Per Bushel
2025-10-09,Corn,Kansas,,Truck,3.8325,3.72,3.92,$ Per Bushel
2025-10-09,Corn,Michigan,,Truck,3.97,3.77,4.12,$ Per Bushel
2025-10-09,Corn,Minnesota,,Truck,3.785,3.72,3.84,$ Per Bushel
2025-10-09,Corn,Missouri,,Truck,3.8325,3.72,3.97,$ Per Bushel
2025-10-09,Corn,Nebraska,,Truck,3.9689,3.77,4.27,$ Per Bushel
2025-10-09,Corn,Ohio,,Truck,4.02,3.97,4.12,$ Per Bushel
2025-10-09,Corn,South Dakota,,Truck,3.6267,3.49,3.77,$ Per Bushel
2025-10-09,Corn,Wisconsin,,Truck,3.836,3.67,3.97,$ Per Bushel
2025-10-10,Corn,Illinois,,Truck,4.1311,3.9325,4.4125,$ Per Bushel
2025-10-10,Corn,Indiana,,Truck,4.0269,3.8325,4.4325,$ Per Bushel
2025-10-10,Corn,Iowa,,Truck,3.8183,3.7325,3.8825,$ Per Bushel
2025-10-10,Corn,Kansas,,Truck,3.795,3.6825,3.8825,$ Per Bushel
2025-10-10,Corn,Michigan,,Truck,3.9325,3.7325,4.0825,$ Per Bushel
2025-10-10,Corn,Minnesota,,Truck,3.7292,3.6825,3.8025,$ Per Bushel
2025-10-10,Corn,Missouri,,Truck,3.8075,3.6825,3.9325,$ Per Bushel
2025-10-10,Corn,Nebraska,,Truck,3.9147,3.7325,4.2325,$ Per Bushel
2025-10-10,Corn,Ohio,,Truck,3.9825,3.9325,4.0825,$ Per Bushel
2025-10-10,Corn,South Dakota,,Truck,3.5858,3.4825,3.7325,$ Per Bushel
2025-10-10,Corn,Wisconsin,,Truck,3.7985,3.6325,3.9325,$ Per Bushel
2025-10-14,Corn,Illinois,,Truck,4.0561,3.8575,4.3575,$ Per Bushel
2025-10-14,Corn,Indiana,,Truck,3.9297,3.7575,4.4075,$ Per Bushel
2025-10-14,Corn,Iowa,,Truck,3.7438,3.6575,3.8075,$ Per Bushel
2025-10-14,Corn,Kansas,,Truck,3.72,3.6075,3.8075,$ Per Bushel
2025-10-14,Corn,Michigan,,Truck,3.8375,3.6575,4.0075,$ Per Bushel
2025-10-14,Corn,Minnesota,,Truck,3.6475,3.6075,3.7075,$ Per Bushel
2025-10-14,Corn,Missouri,,Truck,3.7325,3.6075,3.8575,$ Per Bushel
2025-10-14,Corn,Nebraska,,Truck,3.8292,3.6575,4.1575,$ Per Bushel
2025-10-14,Corn,Ohio,,Truck,3.9075,3.8575,3.9575,$ Per Bushel
2025-10-14,Corn,South Dakota,,Truck,3.5,3.4075,3.6575,$ Per Bushel
2025-10-14,Corn,Wisconsin,,Truck,3.7175,3.5575,3.8575,$ Per Bushel
2025-10-15,Corn,Illinois,,Truck,4.0757,3.88,4.38,$ Per Bushel
2025-10-15,Corn,Indiana,,Truck,3.9578,3.78,4.48,$ Per Bushel
2025-10-15,Corn,Iowa,,Truck,3.8223,3.76,3.93,$ Per Bushel
2025-10-15,Corn,Kansas,,Truck,3.7425,3.63,3.83,$ Per Bushel
2025-10-15,Corn,Michigan,,Truck,3.86,3.68,4.03,$ Per Bushel
2025-10-15,Corn,Minnesota,,Truck,3.675,3.63,3.73,$ Per Bushel
2025-10-15,Corn,Missouri,,Truck,3.78,3.63,3.93,$ Per Bushel
2025-10-15,Corn,Nebraska,,Truck,3.8339,3.68,4.03,$ Per Bushel
2025-10-15,Corn,Ohio,,Truck,3.93,3.88,3.98,$ Per Bushel
2025-10-15,Corn,South Dakota,,Truck,3.5233,3.43,3.69,$ Per Bushel
2025-10-15,Corn,Wisconsin,,Truck,3.74,3.58,3.88,$ Per Bushel
2025-10-16,Corn,Illinois,,Truck,4.1132,3.9175,4.4175,$ Per Bushel
2025-10-16,Corn,Indiana,,Truck,4.0042,3.8175,4.5175,$ Per Bushel
2025-10-16,Corn,Iowa,,Truck,3.8049,3.7175,3.8675,$ Per Bushel
2025-10-16,Corn,Kansas,,Truck,3.83,3.6675,3.9175,$ Per Bushel
2025-10-16,Corn,Michigan,,Truck,3.8775,3.7675,3.9675,$ Per Bushel
2025-10-16,Corn,Minnesota,,Truck,3.7058,3.6675,3.7275,$ Per Bushel
2025-10-16,Corn,Missouri,,Truck,3.83,3.7175,3.9675,$ Per Bushel
2025-10-16,Corn,Nebraska,,Truck,3.8736,3.7175,4.0675,$ Per Bushel
2025-10-16,Corn,Ohio,,Truck,3.9592,3.9175,4.0175,$ Per Bushel
2025-10-16,Corn,South Dakota,,Truck,3.5625,3.4675,3.7375,$ Per Bushel
2025-10-16,Corn,Wisconsin,,Truck,3.7775,3.6175,3.9175,$ Per Bushel
2025-10-17,Corn,Illinois,,Truck,4.1475,3.9675,4.4175,$ Per Bushel
2025-10-17,Corn,Indiana,,Truck,4.0564,3.8675,4.5675,$ Per Bushel
2025-10-17,Corn,Iowa,,Truck,3.906,3.8475,3.9975,$ Per Bushel
2025-10-17,Corn,Kansas,,Truck,3.88,3.7175,3.9675,$ Per Bushel
2025-10-17,Corn,Michigan,,Truck,3.9275,3.8175,4.0175,$ Per Bushel
2025-10-17,Corn,Minnesota,,Truck,3.7558,3.7175,3.7775,$ Per Bushel
2025-10-17,Corn,Missouri,,Truck,3.88,3.7675,4.0175,$ Per Bushel
2025-10-17,Corn,Nebraska,,Truck,3.9236,3.7675,4.1175,$ Per Bushel
2025-10-17,Corn,Ohio,,Truck,4.0092,3.9675,4.0675,$ Per Bushel
2025-10-17,Corn,South Dakota,,Truck,3.6092,3.5175,3.7875,$ Per Bushel
2025-10-17,Corn,Wisconsin,,Truck,3.8335,3.6675,3.9975,$ Per Bushel
2025-10-20,Corn,Illinois,,Truck,4.155,3.975,4.425,$ Per Bushel
2025-10-20,Corn,Indiana,,Truck,4.0617,3.875,4.575,$ Per Bushel
2025-10-20,Corn,Iowa,,Truck,3.8671,3.775,3.925,$ Per Bushel
2025-10-20,Corn,Kansas,,Truck,3.8875,3.725,3.975,$ Per Bushel
2025-10-20,Corn,Michigan,,Truck,3.925,3.825,4.025,$ Per Bushel
2025-10-20,Corn,Minnesota,,Truck,3.7533,3.725,3.785,$ Per Bushel
2025-10-20,Corn,Missouri,,Truck,3.895,3.775,4.025,$ Per Bushel
2025-10-20,Corn,Nebraska,,Truck,3.9233,3.775,4.125,$ Per Bushel
2025-10-20,Corn,Ohio,,Truck,4.0167,3.975,4.075,$ Per Bushel
2025-10-20,Corn,South Dakota,,Truck,3.6183,3.525,3.795,$ Per Bushel
2025-10-20,Corn,Wisconsin,,Truck,3.835,3.675,3.975,$ Per Bushel
2025-10-21,Corn,Illinois,,Truck,4.1639,3.9825,4.4325,$ Per Bushel
2025-10-21,Corn,Indiana,,Truck,4.0692,3.8825,4.5825,$ Per Bushel
2025-10-21,Corn,Iowa,,Truck,3.8725,3.7825,3.9725,$ Per Bushel
2025-10-21,Corn,Kansas,,Truck,3.895,3.7325,3.9825,$ Per Bushel
2025-10-21,Corn,Michigan,,Truck,3.9325,3.8825,4.0325,$ Per Bushel
2025-10-21,Corn,Minnesota,,Truck,3.7642,3.7325,3.7925,$ Per Bushel
2025-10-21,Corn,Missouri,,Truck,3.9025,3.7825,4.0325,$ Per Bushel
2025-10-21,Corn,Nebraska,,Truck,3.9147,3.7825,4.1325,$ Per Bushel
2025-10-21,Corn,Ohio,,Truck,4.0408,3.9825,4.0825,$ Per Bushel
2025-10-21,Corn,South Dakota,,Truck,3.6283,3.5325,3.8025,$ Per Bushel
2025-10-21,Corn,Wisconsin,,Truck,3.8425,3.6825,3.9825,$ Per Bushel
2025-10-22,Corn,Illinois,,Truck,4.1246,3.9475,4.3975,$ Per Bushel
2025-10-22,Corn,Indiana,,Truck,4.0197,3.8475,4.5475,$ Per Bushel
2025-10-22,Corn,Iowa,,Truck,3.8449,3.7475,3.9375,$ Per Bushel
2025-10-22,Corn,Kansas,,Truck,3.86,3.6975,3.9475,$ Per Bushel
2025-10-22,Corn,Michigan,,Truck,3.8875,3.8475,3.9975,$ Per Bushel
2025-10-22,Corn,Minnesota,,Truck,3.7292,3.6675,3.7675,$ Per Bushel
2025-10-22,Corn,Missouri,,Truck,3.89,3.7975,3.9975,$ Per Bushel
2025-10-22,Corn,Nebraska,,Truck,3.8758,3.7175,4.0975,$ Per Bushel
2025-10-22,Corn,Ohio,,Truck,4.0225,3.9975,4.0475,$ Per Bushel
2025-10-22,Corn,South Dakota,,Truck,3.5858,3.4775,3.7675,$ Per Bushel
2025-10-22,Corn,Wisconsin,,Truck,3.7935,3.6475,3.9475,$ Per Bushel
2025-10-23,Corn,Illinois,,Truck,4.18,3.98,4.48,$ Per Bushel
2025-10-23,Corn,Indiana,,Truck,4.0756,3.88,4.58,$ Per Bushel
2025-10-23,Corn,Iowa,,Truck,3.8711,3.78,3.97,$ Per Bushel
2025-10-23,Corn,Kansas,,Truck,3.8925,3.73,3.98,$ Per Bushel
2025-10-23,Corn,Michigan,,Truck,3.92,3.88,4.03,$ Per Bushel
2025-10-23,Corn,Minnesota,,Truck,3.755,3.7,3.82,$ Per Bushel
2025-10-23,Corn,Missouri,,Truck,3.9275,3.85,4.03,$ Per Bushel
2025-10-23,Corn,Nebraska,,Truck,3.8989,3.75,4.13,$ Per Bushel
2025-10-23,Corn,Ohio,,Truck,4.0717,4.03,4.13,$ Per Bushel
2025-10-23,Corn,South Dakota,,Truck,3.6125,3.51,3.8,$ Per Bushel
2025-10-23,Corn,Wisconsin,,Truck,3.84,3.68,3.98,$ Per Bushel
2025-10-24,Corn,Illinois,,Truck,4.2286,4.03,4.53,$ Per Bushel
2025-10-24,Corn,Indiana,,Truck,4.1311,3.93,4.68,$ Per Bushel
2025-10-24,Corn,Iowa,,Truck,3.9915,3.95,4.08,$ Per Bushel
2025-10-24,Corn,Kansas,,Truck,3.9425,3.78,4.03,$ Per Bushel
2025-10-24,Corn,Michigan,,Truck,3.97,3.93,4.08,$ Per Bushel
2025-10-24,Corn,Minnesota,,Truck,3.8017,3.75,3.85,$ Per Bushel
2025-10-24,Corn,Missouri,,Truck,3.99,3.9,4.08,$ Per Bushel
2025-10-24,Corn,Nebraska,,Truck,3.9406,3.78,4.18,$ Per Bushel
2025-10-24,Corn,Ohio,,Truck,4.155,4.08,4.23,$ Per Bushel
2025-10-24,Corn,South Dakota,,Truck,3.6575,3.56,3.85,$ Per Bushel
2025-10-24,Corn,Wisconsin,,Truck,3.89,3.73,4.03,$ Per Bushel
2025-10-27,Corn,Illinois,,Truck,4.1868,3.9825,4.4825,$ Per Bushel
2025-10-27,Corn,Indiana,,Truck,4.0814,3.8825,4.6325,$ Per Bushel
2025-10-27,Corn,Iowa,,Truck,3.872,3.7825,3.9725,$ Per Bushel
2025-10-27,Corn,Kansas,,Truck,3.895,3.7325,3.9825,$ Per Bushel
2025-10-27,Corn,Michigan,,Truck,3.9225,3.8825,4.0325,$ Per Bushel
2025-10-27,Corn,Minnesota,,Truck,3.7508,3.6925,3.8125,$ Per Bushel
2025-10-27,Corn,Missouri,,Truck,3.9425,3.8525,4.0325,$ Per Bushel
2025-10-27,Corn,Nebraska,,Truck,3.8908,3.7325,4.1325,$ Per Bushel
2025-10-27,Corn,Ohio,,Truck,4.1158,4.0325,4.1825,$ Per Bushel
2025-10-27,Corn,South Dakota,,Truck,3.6067,3.5125,3.8025,$ Per Bushel
2025-10-27,Corn,Wisconsin,,Truck,3.8425,3.6825,3.9825,$ Per Bushel
2025-10-28,Corn,Illinois,,Truck,4.2418,4.0375,4.5375,$ Per Bushel
2025-10-28,Corn,Indiana,,Truck,4.1353,3.9375,4.6875,$ Per Bushel
2025-10-28,Corn,Iowa,,Truck,4.0075,3.9375,4.1175,$ Per Bushel
2025-10-28,Corn,Kansas,,Truck,3.95,3.7875,4.0375,$ Per Bushel
2025-10-28,Corn,Michigan,,Truck,3.9775,3.9375,4.0875,$ Per Bushel
2025-10-28,Corn,Minnesota,,Truck,3.8025,3.7475,3.8675,$ Per Bushel
2025-10-28,Corn,Missouri,,Truck,4.0125,3.9275,4.0875,$ Per Bushel
2025-10-28,Corn,Nebraska,,Truck,3.9308,3.6875,4.1875,$ Per Bushel
2025-10-28,Corn,Ohio,,Truck,4.1875,4.0875,4.2375,$ Per Bushel
2025-10-28,Corn,South Dakota,,Truck,3.6558,3.5575,3.8575,$ Per Bushel
2025-10-28,Corn,Wisconsin,,Truck,3.8975,3.7375,4.0375,$ Per Bushel
2025-10-29,Corn,Illinois,,Truck,4.2757,4.07,4.57,$ Per Bushel
2025-10-29,Corn,Indiana,,Truck,4.1678,3.97,4.77,$ Per Bushel
2025-10-29,Corn,Iowa,,Truck,3.9816,3.84,4.17,$ Per Bushel
2025-10-29,Corn,Kansas,,Truck,3.9825,3.82,4.07,$ Per Bushel
2025-10-29,Corn,Michigan,,Truck,4.03,3.97,4.12,$ Per Bushel
2025-10-29,Corn,Minnesota,,Truck,3.835,3.78,3.9,$ Per Bushel
2025-10-29,Corn,Missouri,,Truck,4.0725,3.97,4.22,$ Per Bushel
2025-10-29,Corn,Nebraska,,Truck,3.9578,3.72,4.22,$ Per Bushel
2025-10-29,Corn,Ohio,,Truck,4.245,4.17,4.32,$ Per Bushel
2025-10-29,Corn,South Dakota,,Truck,3.6808,3.59,3.89,$ Per Bushel
2025-10-29,Corn,Wisconsin,,Truck,3.92,3.77,4.07,$ Per Bushel
2025-10-30,Corn,Illinois,,Truck,4.2957,4.09,4.59,$ Per Bushel
2025-10-30,Corn,Indiana,,Truck,4.2044,3.99,4.79,$ Per Bushel
2025-10-30,Corn,Iowa,,Truck,4.0084,3.86,4.19,$ Per Bushel
2025-10-30,Corn,Kansas,,Truck,4.0025,3.84,4.09,$ Per Bushel
2025-10-30,Corn,Michigan,,Truck,4.06,3.99,4.14,$ Per Bushel
2025-10-30,Corn,Minnesota,,Truck,3.855,3.77,3.92,$ Per Bushel
2025-10-30,Corn,Missouri,,Truck,4.1175,4.0,4.29,$ Per Bushel
2025-10-30,Corn,Nebraska,,Truck,3.9728,3.74,4.24,$ Per Bushel
2025-10-30,Corn,Ohio,,Truck,4.265,4.19,4.34,$ Per Bushel
2025-10-30,Corn,South Dakota,,Truck,3.695,3.59,3.91,$ Per Bushel
2025-10-30,Corn,Wisconsin,,Truck,3.944,3.79,4.09,$ Per Bushel
2025-10-31,Corn,Illinois,,Truck,4.2611,4.0525,4.5525,$ Per Bushel
2025-10-31,Corn,Indiana,,Truck,4.1669,3.9525,4.7525,$ Per Bushel
2025-10-31,Corn,Iowa,,Truck,3.9736,3.8225,4.1525,$ Per Bushel
2025-10-31,Corn,Kansas,,Truck,3.965,3.8025,4.0525,$ Per Bushel
2025-10-31,Corn,Michigan,,Truck,4.0225,3.9525,4.1025,$ Per Bushel
2025-10-31,Corn,Minnesota,,Truck,3.8175,3.7325,3.8825,$ Per Bushel
2025-10-31,Corn,Missouri,,Truck,4.1025,4.0025,4.2525,$ Per Bushel
2025-10-31,Corn,Nebraska,,Truck,3.9364,3.7025,4.2025,$ Per Bushel
2025-10-31,Corn,Ohio,,Truck,4.2275,4.1525,4.3025,$ Per Bushel
2025-10-31,Corn,South Dakota,,Truck,3.6533,3.5525,3.8725,$ Per Bushel
2025-10-31,Corn,Wisconsin,,Truck,3.9065,3.7525,4.0525,$ Per Bushel
2025-11-03,Corn,Illinois,,Truck,4.2893,4.115,4.565,$ Per Bushel
2025-11-03,Corn,Indiana,,Truck,4.1817,3.965,4.765,$ Per Bushel
2025-11-03,Corn,Iowa,,Truck,3.9945,3.835,4.165,$ Per Bushel
2025-11-03,Corn,Kansas,,Truck,3.9775,3.815,4.065,$ Per Bushel
2025-11-03,Corn,Michigan,,Truck,4.035,3.965,4.115,$ Per Bushel
2025-11-03,Corn,Minnesota,,Truck,3.84,3.765,3.905,$ Per Bushel
2025-11-03,Corn,Missouri,,Truck,4.1125,4.005,4.265,$ Per Bushel
2025-11-03,Corn,Nebraska,,Truck,3.9309,3.635,4.065,$ Per Bushel
2025-11-03,Corn,Ohio,,Truck,4.265,4.215,4.315,$ Per Bushel
2025-11-03,Corn,South Dakota,,Truck,3.6525,3.565,3.885,$ Per Bushel
2025-11-03,Corn,Wisconsin,,Truck,3.911,3.765,4.065,$ Per Bushel
2025-11-04,Corn,Illinois,,Truck,4.3411,4.1925,4.6225,$ Per Bushel
2025-11-04,Corn,Indiana,,Truck,4.2514,3.9925,4.6925,$ Per Bushel
2025-11-04,Corn,Iowa,,Truck,4.0462,3.8625,4.1925,$ Per Bushel
2025-11-04,Corn,Kansas,,Truck,4.025,3.9225,4.0925,$ Per Bushel
2025-11-04,Corn,Michigan,,Truck,4.0725,3.9925,4.1425,$ Per Bushel
2025-11-04,Corn,Minnesota,,Truck,3.8992,3.7925,3.9925,$ Per Bushel
2025-11-04,Corn,Missouri,,Truck,4.14,4.0325,4.2925,$ Per Bushel
2025-11-04,Corn,Nebraska,,Truck,3.9654,3.6625,4.1425,$ Per Bushel
2025-11-04,Corn,Ohio,,Truck,4.3425,4.2925,4.3925,$ Per Bushel
2025-11-04,Corn,South Dakota,,Truck,3.6783,3.5925,3.9625,$ Per Bushel
2025-11-04,Corn,Wisconsin,,Truck,3.9385,3.7925,4.0925,$ Per Bushel
2025-11-05,Corn,Illinois,,Truck,4.3136,4.165,4.595,$ Per Bushel
2025-11-05,Corn,Indiana,,Truck,4.2383,4.065,4.665,$ Per Bushel
2025-11-05,Corn,Iowa,,Truck,4.0245,3.865,4.165,$ Per Bushel
2025-11-05,Corn,Kansas,,Truck,3.9975,3.895,4.065,$ Per Bushel
2025-11-05,Corn,Michigan,,Truck,4.055,3.965,4.115,$ Per Bushel
2025-11-05,Corn,Minnesota,,Truck,3.8717,3.765,3.965,$ Per Bushel
2025-11-05,Corn,Missouri,,Truck,4.1125,4.005,4.265,$ Per Bushel
2025-11-05,Corn,Nebraska,,Truck,3.9403,3.635,4.065,$ Per Bushel
2025-11-05,Corn,Ohio,,Truck,4.3233,4.265,4.365,$ Per Bushel
2025-11-05,Corn,South Dakota,,Truck,3.6458,3.565,3.935,$ Per Bushel
2025-11-05,Corn,Wisconsin,,Truck,3.901,3.715,4.065,$ Per Bushel
2025-11-06,Corn,Illinois,,Truck,4.3525,4.2025,4.6325,$ Per Bushel
2025-11-06,Corn,Indiana,,Truck,4.2825,4.1025,4.7025,$ Per Bushel
2025-11-06,Corn,Iowa,,Truck,4.0871,4.0325,4.1525,$ Per Bushel
2025-11-06,Corn,Kansas,,Truck,4.035,3.9325,4.1025,$ Per Bushel
2025-11-06,Corn,Michigan,,Truck,4.0925,4.0025,4.1525,$ Per Bushel
2025-11-06,Corn,Minnesota,,Truck,3.9092,3.8025,4.0025,$ Per Bushel
2025-11-06,Corn,Missouri,,Truck,4.15,4.0425,4.3025,$ Per Bushel
2025-11-06,Corn,Nebraska,,Truck,3.9696,3.6025,4.1025,$ Per Bushel
2025-11-06,Corn,Ohio,,Truck,4.3775,4.3025,4.4025,$ Per Bushel
2025-11-06,Corn,South Dakota,,Truck,3.6833,3.6025,3.9725,$ Per Bushel
2025-11-06,Corn,Wisconsin,,Truck,3.9285,3.7025,4.1025,$ Per Bushel
2025-11-07,Corn,Illinois,,Truck,4.2846,4.1375,4.5675,$ Per Bushel
2025-11-07,Corn,Indiana,,Truck,4.2364,4.0875,4.6375,$ Per Bushel
2025-11-07,Corn,Iowa,,Truck,4.0001,3.8375,4.1675,$ Per Bushel
2025-11-07,Corn,Kansas,,Truck,3.97,3.8675,4.0375,$ Per Bushel
2025-11-07,Corn,Michigan,,Truck,4.0275,3.9375,4.0875,$ Per Bushel
2025-11-07,Corn,Minnesota,,Truck,3.8492,3.7375,3.9375,$ Per Bushel
2025-11-07,Corn,Missouri,,Truck,4.085,3.9775,4.2375,$ Per Bushel
2025-11-07,Corn,Nebraska,,Truck,3.9016,3.5375,4.0375,$ Per Bushel
2025-11-07,Corn,Ohio,,Truck,4.3208,4.2375,4.3875,$ Per Bushel
2025-11-07,Corn,South Dakota,,Truck,3.62,3.5375,3.9075,$ Per Bushel
2025-11-07,Corn,Wisconsin,,Truck,3.8635,3.6375,4.0375,$ Per Bushel
2025-11-10,Corn,Illinois,,Truck,4.2639,4.1225,4.5525,$ Per Bushel
2025-11-10,Corn,Indiana,,Truck,4.2336,4.0725,4.6225,$ Per Bushel
2025-11-10,Corn,Iowa,,Truck,3.9872,3.8225,4.1525,$ Per Bushel
2025-11-10,Corn,Kansas,,Truck,3.955,3.8525,4.0225,$ Per Bushel
2025-11-10,Corn,Michigan,,Truck,4.0325,3.9725,4.0725,$ Per Bushel
2025-11-10,Corn,Minnesota,,Truck,3.8425,3.7225,3.9225,$ Per Bushel
2025-11-10,Corn,Missouri,,Truck,4.07,3.9625,4.2225,$ Per Bushel
2025-11-10,Corn,Nebraska,,Truck,3.8866,3.5225,4.0225,$ Per Bushel
2025-11-10,Corn,Ohio,,Truck,4.3058,4.2225,4.3725,$ Per Bushel
2025-11-10,Corn,South Dakota,,Truck,3.6058,3.5225,3.8525,$ Per Bushel
2025-11-10,Corn,Wisconsin,,Truck,3.8485,3.6225,4.0225,$ Per Bushel
2025-11-12,Corn,Illinois,,Truck,4.3214,4.17,4.6,$ Per Bushel
2025-11-12,Corn,Indiana,,Truck,4.2956,4.12,4.67,$ Per Bushel
2025-11-12,Corn,Iowa,,Truck,4.0426,3.87,4.22,$ Per Bushel
2025-11-12,Corn,Kansas,,Truck,4.0275,3.9,4.17,$ Per Bushel
2025-11-12,Corn,Michigan,,Truck,4.08,4.02,4.12,$ Per Bushel
2025-11-12,Corn,Minnesota,,Truck,3.89,3.77,3.97,$ Per Bushel
2025-11-12,Corn,Missouri,,Truck,4.1325,4.0,4.37,$ Per Bushel
2025-11-12,Corn,Nebraska,,Truck,3.95,3.57,4.12,$ Per Bushel
2025-11-12,Corn,Ohio,,Truck,4.3617,4.32,4.42,$ Per Bushel
2025-11-12,Corn,South Dakota,,Truck,3.6558,3.57,3.9,$ Per Bushel
2025-11-12,Corn,Wisconsin,,Truck,3.896,3.67,4.07,$ Per Bushel
2025-11-13,Corn,Illinois,,Truck,4.3682,4.2525,4.6325,$ Per Bushel
2025-11-13,Corn,Indiana,,Truck,4.3803,4.2025,4.7025,$ Per Bushel
2025-11-13,Corn,Iowa,,Truck,4.0883,3.9025,4.2725,$ Per Bushel
2025-11-13,Corn,Kansas,,Truck,4.0725,3.9325,4.2525,$ Per Bushel
2025-11-13,Corn,Michigan,,Truck,4.1225,4.0525,4.1525,$ Per Bushel
2025-11-13,Corn,Minnesota,,Truck,3.9392,3.8025,4.0225,$ Per Bushel
2025-11-13,Corn,Missouri,,Truck,4.165,4.0325,4.4025,$ Per Bushel
2025-11-13,Corn,Nebraska,,Truck,4.0043,3.6025,4.1525,$ Per Bushel
2025-11-13,Corn,Ohio,,Truck,4.4525,4.4025,4.5525,$ Per Bushel
2025-11-13,Corn,South Dakota,,Truck,3.6967,3.6025,3.9325,$ Per Bushel
2025-11-13,Corn,Wisconsin,,Truck,3.9245,3.7025,4.1025,$ Per Bushel
2025-11-14,Corn,Illinois,,Truck,4.4479,4.315,4.695,$ Per Bushel
2025-11-14,Corn,Indiana,,Truck,4.4683,4.315,4.765,$ Per Bushel
2025-11-14,Corn,Iowa,,Truck,4.1576,3.985,4.335,$ Per Bushel
2025-11-14,Corn,Kansas,,Truck,4.135,3.995,4.315,$ Per Bushel
2025-11-14,Corn,Michigan,,Truck,4.205,4.115,4.315,$ Per Bushel
2025-11-14,Corn,Minnesota,,Truck,4.0183,3.935,4.115,$ Per Bushel
2025-11-14,Corn,Missouri,,Truck,4.235,4.095,4.465,$ Per Bushel
2025-11-14,Corn,Nebraska,,Truck,4.0668,3.665,4.215,$ Per Bushel
2025-11-14,Corn,Ohio,,Truck,4.515,4.465,4.615,$ Per Bushel
2025-11-14,Corn,South Dakota,,Truck,3.7642,3.665,3.995,$ Per Bushel
2025-11-14,Corn,Wisconsin,,Truck,3.963,3.765,4.165,$ Per Bushel
2025-11-17,Corn,Illinois,,Truck,4.3396,4.2025,4.5825,$ Per Bushel
2025-11-17,Corn,Indiana,,Truck,4.3603,4.2025,4.6525,$ Per Bushel
2025-11-17,Corn,Iowa,,Truck,4.1148,4.0025,4.2525,$ Per Bushel
2025-11-17,Corn,Kansas,,Truck,4.0225,3.8825,4.2025,$ Per Bushel
2025-11-17,Corn,Michigan,,Truck,4.1025,4.0025,4.2025,$ Per Bushel
2025-11-17,Corn,Minnesota,,Truck,3.9175,3.8225,4.0025,$ Per Bushel
2025-11-17,Corn,Missouri,,Truck,4.135,3.9825,4.3525,$ Per Bushel
2025-11-17,Corn,Nebraska,,Truck,3.9825,3.5525,4.1525,$ Per Bushel
2025-11-17,Corn,Ohio,,Truck,4.4025,4.3525,4.5025,$ Per Bushel
2025-11-17,Corn,South Dakota,,Truck,3.6558,3.5525,3.8825,$ Per Bushel
2025-11-17,Corn,Wisconsin,,Truck,3.8645,3.6525,4.1225,$ Per Bushel
2025-11-18,Corn,Illinois,,Truck,4.3875,4.2475,4.6275,$ Per Bushel
2025-11-18,Corn,Indiana,,Truck,4.4008,4.2475,4.6975,$ Per Bushel
2025-11-18,Corn,Iowa,,Truck,4.1683,4.0475,4.2975,$ Per Bushel
2025-11-18,Corn,Kansas,,Truck,4.0675,3.9275,4.2475,$ Per Bushel
2025-11-18,Corn,Michigan,,Truck,4.1575,4.0475,4.2475,$ Per Bushel
2025-11-18,Corn,Minnesota,,Truck,3.9658,3.8675,4.0675,$ Per Bushel
2025-11-18,Corn,Missouri,,Truck,4.18,4.0275,4.3975,$ Per Bushel
2025-11-18,Corn,Nebraska,,Truck,4.0304,3.5975,4.1975,$ Per Bushel
2025-11-18,Corn,Ohio,,Truck,4.4558,4.3975,4.5475,$ Per Bushel
2025-11-18,Corn,South Dakota,,Truck,3.7008,3.5975,3.9275,$ Per Bushel
2025-11-18,Corn,Wisconsin,,Truck,3.8955,3.6975,4.0975,$ Per Bushel
2025-11-19,Corn,Illinois,,Truck,4.4004,4.2675,4.5975,$ Per Bushel
2025-11-19,Corn,Indiana,,Truck,4.4208,4.2675,4.7175,$ Per Bushel
2025-11-19,Corn,Iowa,,Truck,4.1354,3.9375,4.3175,$ Per Bushel
2025-11-19,Corn,Kansas,,Truck,4.0875,3.9475,4.2675,$ Per Bushel
2025-11-19,Corn,Michigan,,Truck,4.1775,4.0675,4.2675,$ Per Bushel
2025-11-19,Corn,Minnesota,,Truck,4.0142,3.8875,4.0875,$ Per Bushel
2025-11-19,Corn,Missouri,,Truck,4.2,4.0475,4.4175,$ Per Bushel
2025-11-19,Corn,Nebraska,,Truck,4.0487,3.6175,4.2375,$ Per Bushel
2025-11-19,Corn,Ohio,,Truck,4.4842,4.4175,4.5675,$ Per Bushel
2025-11-19,Corn,South Dakota,,Truck,3.7208,3.6175,3.9475,$ Per Bushel
2025-11-19,Corn,Wisconsin,,Truck,3.9155,3.7175,4.1175,$ Per Bushel
2025-11-20,Corn,Illinois,,Truck,4.3289,4.1975,4.5275,$ Per Bushel
2025-11-20,Corn,Indiana,,Truck,4.3708,4.1975,4.6475,$ Per Bushel
2025-11-20,Corn,Iowa,,Truck,4.1375,3.9975,4.2475,$ Per Bushel
2025-11-20,Corn,Kansas,,Truck,4.0175,3.8775,4.1975,$ Per Bushel
2025-11-20,Corn,Michigan,,Truck,4.1075,3.9975,4.1975,$ Per Bushel
2025-11-20,Corn,Minnesota,,Truck,3.9542,3.8775,4.0175,$ Per Bushel
2025-11-20,Corn,Missouri,,Truck,4.135,3.9775,4.3475,$ Per Bushel
2025-11-20,Corn,Nebraska,,Truck,3.981,3.5475,4.1675,$ Per Bushel
2025-11-20,Corn,Ohio,,Truck,4.4225,4.3475,4.4975,$ Per Bushel
2025-11-20,Corn,South Dakota,,Truck,3.6517,3.5475,3.8775,$ Per Bushel
2025-11-20,Corn,Wisconsin,,Truck,3.8755,3.7475,4.0475,$ Per Bushel
2025-11-21,Corn,Illinois,,Truck,4.295,4.165,4.495,$ Per Bushel
2025-11-21,Corn,Indiana,,Truck,4.3406,4.165,4.615,$ Per Bushel
2025-11-21,Corn,Iowa,,Truck,4.0392,3.865,4.215,$ Per Bushel
2025-11-21,Corn,Kansas,,Truck,3.99,3.865,4.165,$ Per Bushel
2025-11-21,Corn,Michigan,,Truck,4.095,4.065,4.165,$ Per Bushel
2025-11-21,Corn,Minnesota,,Truck,3.9217,3.845,3.985,$ Per Bushel
2025-11-21,Corn,Missouri,,Truck,4.1075,3.965,4.315,$ Per Bushel
2025-11-21,Corn,Nebraska,,Truck,3.9544,3.515,4.185,$ Per Bushel
2025-11-21,Corn,Ohio,,Truck,4.3983,4.315,4.465,$ Per Bushel
2025-11-21,Corn,South Dakota,,Truck,3.6292,3.515,3.845,$ Per Bushel
2025-11-21,Corn,Wisconsin,,Truck,3.843,3.715,4.015,$ Per Bushel
2025-11-24,Corn,Illinois,,Truck,4.2836,4.155,4.475,$ Per Bushel
2025-11-24,Corn,Indiana,,Truck,4.3294,4.155,4.595,$ Per Bushel
2025-11-24,Corn,Iowa,,Truck,4.0361,3.855,4.205,$ Per Bushel
2025-11-24,Corn,Kansas,,Truck,3.98,3.855,4.155,$ Per Bushel
2025-11-24,Corn,Michigan,,Truck,4.085,4.055,4.155,$ Per Bushel
2025-11-24,Corn,Minnesota,,Truck,3.9233,3.835,4.005,$ Per Bushel
2025-11-24,Corn,Missouri,,Truck,4.0975,3.955,4.305,$ Per Bushel
2025-11-24,Corn,Nebraska,,Truck,3.9556,3.505,4.205,$ Per Bushel
2025-11-24,Corn,Ohio,,Truck,4.3883,4.305,4.455,$ Per Bushel
2025-11-24,Corn,South Dakota,,Truck,3.6217,3.505,3.835,$ Per Bushel
2025-11-24,Corn,Wisconsin,,Truck,3.841,3.705,4.005,$ Per Bushel
2025-11-25,Corn,Illinois,,Truck,4.2804,4.1675,4.4675,$ Per Bushel
2025-11-25,Corn,Indiana,,Truck,4.3475,4.2375,4.5875,$ Per Bushel
2025-11-25,Corn,Iowa,,Truck,4.047,3.8575,4.2175,$ Per Bushel
2025-11-25,Corn,Kansas,,Truck,3.9625,3.8375,4.1375,$ Per Bushel
2025-11-25,Corn,Michigan,,Truck,4.0635,3.8875,4.2175,$ Per Bushel
2025-11-25,Corn,Minnesota,,Truck,3.9342,3.8375,4.0075,$ Per Bushel
2025-11-25,Corn,Missouri,,Truck,4.08,3.9375,4.2875,$ Per Bushel
2025-11-25,Corn,Nebraska,,Truck,3.9528,3.4875,4.1875,$ Per Bushel
2025-11-25,Corn,Ohio,,Truck,4.3842,4.2875,4.5175,$ Per Bushel
2025-11-25,Corn,South Dakota,,Truck,3.62,3.4875,3.8475,$ Per Bushel
2025-11-25,Corn,Wisconsin,,Truck,3.8135,3.6875,3.9375,$ Per Bushel
2025-11-26,Corn,Illinois,,Truck,4.2857,4.175,4.4825,$ Per Bushel
2025-11-26,Corn,Indiana,,Truck,4.3869,4.235,4.6025,$ Per Bushel
2025-11-26,Corn,Iowa,,Truck,4.1377,3.985,4.235,$ Per Bushel
2025-11-26,Corn,Kansas,,Truck,3.9719,3.835,4.135,$ Per Bushel
2025-11-26,Corn,Michigan,,Truck,4.0645,3.885,4.2325,$ Per Bushel
2025-11-26,Corn,Minnesota,,Truck,3.9446,3.835,4.035,$ Per Bushel
2025-11-26,Corn,Missouri,,Truck,4.0825,3.955,4.285,$ Per Bushel
2025-11-26,Corn,Nebraska,,Truck,3.9618,3.485,4.185,$ Per Bushel
2025-11-26,Corn,Ohio,,Truck,4.3846,4.285,4.5325,$ Per Bushel
2025-11-26,Corn,South Dakota,,Truck,3.6298,3.485,3.875,$ Per Bushel
2025-11-26,Corn,Wisconsin,,Truck,3.811,3.685,3.935,$ Per Bushel
2025-12-01,Corn,Illinois,,Truck,4.3989,4.2775,4.5775,$ Per Bushel
2025-12-01,Corn,Indiana,,Truck,4.5069,4.3775,4.6975,$ Per Bushel
2025-12-01,Corn,Iowa,,Truck,4.1767,3.975,4.3275,$ Per Bushel
2025-12-01,Corn,Kansas,,Truck,4.0969,3.9775,4.2775,$ Per Bushel
2025-12-01,Corn,Michigan,,Truck,4.2169,4.005,4.3275,$ Per Bushel
2025-12-01,Corn,Minnesota,,Truck,4.0554,3.9575,4.1575,$ Per Bushel
2025-12-01,Corn,Missouri,,Truck,4.2419,4.1775,4.3775,$ Per Bushel
2025-12-01,Corn,Nebraska,,Truck,4.1364,3.7875,4.3075,$ Per Bushel
2025-12-01,Corn,Ohio,,Truck,4.5221,4.455,4.6275,$ Per Bushel
2025-12-01,Corn,South Dakota,,Truck,3.8035,3.6775,4.0075,$ Per Bushel
2025-12-01,Corn,Wisconsin,,Truck,3.9625,3.905,4.0775,$ Per Bushel
2025-12-02,Corn,Illinois,,Truck,4.3971,4.25,4.61,$ Per Bushel
2025-12-02,Corn,Indiana,,Truck,4.4833,4.33,4.7,$ Per Bushel
2025-12-02,Corn,Iowa,,Truck,4.1651,3.97,4.33,$ Per Bushel
2025-12-02,Corn,Kansas,,Truck,4.1069,4.0275,4.25,$ Per Bushel
2025-12-02,Corn,Michigan,,Truck,4.1894,3.9775,4.3,$ Per Bushel
2025-12-02,Corn,Minnesota,,Truck,4.0733,3.93,4.17,$ Per Bushel
2025-12-02,Corn,Missouri,,Truck,4.245,4.15,4.35,$ Per Bushel
2025-12-02,Corn,Nebraska,,Truck,4.1571,3.91,4.33,$ Per Bushel
2025-12-02,Corn,Ohio,,Truck,4.5067,4.45,4.6,$ Per Bushel
2025-12-02,Corn,South Dakota,,Truck,3.7992,3.7,4.0,$ Per Bushel
2025-12-02,Corn,Wisconsin,,Truck,3.988,3.89,4.13,$ Per Bushel
2025-12-03,Corn,Illinois,,Truck,4.4743,4.3,4.7,$ Per Bushel
2025-12-03,Corn,Indiana,,Truck,4.5256,4.38,4.75,$ Per Bushel
2025-12-03,Corn,Iowa,,Truck,4.2211,4.02,4.38,$ Per Bushel
2025-12-03,Corn,Kansas,,Truck,4.1575,4.08,4.3,$ Per Bushel
2025-12-03,Corn,Michigan,,Truck,4.245,4.03,4.35,$ Per Bushel
2025-12-03,Corn,Minnesota,,Truck,4.1267,3.98,4.24,$ Per Bushel
2025-12-03,Corn,Missouri,,Truck,4.3125,4.25,4.4,$ Per Bushel
2025-12-03,Corn,Nebraska,,Truck,4.2129,3.96,4.38,$ Per Bushel
2025-12-03,Corn,Ohio,,Truck,4.5833,4.5,4.7,$ Per Bushel
2025-12-03,Corn,South Dakota,,Truck,3.8508,3.75,4.05,$ Per Bushel
2025-12-03,Corn,Wisconsin,,Truck,4.038,3.94,4.18,$ Per Bushel
2025-12-04,Corn,Illinois,,Truck,4.415,4.275,4.635,$ Per Bushel
2025-12-04,Corn,Indiana,,Truck,4.4606,4.315,4.685,$ Per Bushel
2025-12-04,Corn,Iowa,,Truck,4.1618,3.965,4.315,$ Per Bushel
2025-12-04,Corn,Kansas,,Truck,4.1475,4.035,4.235,$ Per Bushel
2025-12-04,Corn,Michigan,,Truck,4.2225,4.085,4.335,$ Per Bushel
2025-12-04,Corn,Minnesota,,Truck,4.0617,3.915,4.175,$ Per Bushel
2025-12-04,Corn,Missouri,,Truck,4.245,4.185,4.335,$ Per Bushel
2025-12-04,Corn,Nebraska,,Truck,4.1521,3.895,4.315,$ Per Bushel
2025-12-04,Corn,Ohio,,Truck,4.5267,4.435,4.635,$ Per Bushel
2025-12-04,Corn,South Dakota,,Truck,3.7867,3.685,3.995,$ Per Bushel
2025-12-04,Corn,Wisconsin,,Truck,3.977,3.875,4.135,$ Per Bushel
2025-12-05,Corn,Illinois,,Truck,4.4568,4.3125,4.6725,$ Per Bushel
2025-12-05,Corn,Indiana,,Truck,4.4981,4.3525,4.7225,$ Per Bushel
2025-12-05,Corn,Iowa,,Truck,4.321,4.2225,4.4725,$ Per Bushel
2025-12-05,Corn,Kansas,,Truck,4.185,4.0725,4.2725,$ Per Bushel
2025-12-05,Corn,Michigan,,Truck,4.26,4.1225,4.3725,$ Per Bushel
2025-12-05,Corn,Minnesota,,Truck,4.0992,3.9525,4.2125,$ Per Bushel
2025-12-05,Corn,Missouri,,Truck,4.28,4.2225,4.3725,$ Per Bushel
2025-12-05,Corn,Nebraska,,Truck,4.1925,3.9325,4.3525,$ Per Bushel
2025-12-05,Corn,Ohio,,Truck,4.5725,4.4725,4.6725,$ Per Bushel
2025-12-05,Corn,South Dakota,,Truck,3.8258,3.7225,4.0325,$ Per Bushel
2025-12-05,Corn,Wisconsin,,Truck,4.0245,3.9125,4.1725,$ Per Bushel
2025-12-08,Corn,Illinois,,Truck,4.4446,4.2875,4.6775,$ Per Bushel
2025-12-08,Corn,Indiana,,Truck,4.4842,4.3275,4.6975,$ Per Bushel
2025-12-08,Corn,Iowa,,Truck,4.3044,4.2475,4.4475,$ Per Bushel
2025-12-08,Corn,Kansas,,Truck,4.16,4.0475,4.2475,$ Per Bushel
2025-12-08,Corn,Michigan,,Truck,4.235,4.0975,4.3475,$ Per Bushel
2025-12-08,Corn,Minnesota,,Truck,4.0825,3.9275,4.1875,$ Per Bushel
2025-12-08,Corn,Missouri,,Truck,4.255,4.1975,4.3475,$ Per Bushel
2025-12-08,Corn,Nebraska,,Truck,4.1675,3.9075,4.3275,$ Per Bushel
2025-12-08,Corn,Ohio,,Truck,4.5675,4.4975,4.6475,$ Per Bushel
2025-12-08,Corn,South Dakota,,Truck,3.8017,3.6975,4.0075,$ Per Bushel
2025-12-08,Corn,Wisconsin,,Truck,3.9995,3.8875,4.1475,$ Per Bushel
2025-12-09,Corn,Illinois,,Truck,4.4389,4.2775,4.6875,$ Per Bushel
2025-12-09,Corn,Indiana,,Truck,4.4975,4.3575,4.6875,$ Per Bushel
2025-12-09,Corn,Iowa,,Truck,4.1701,3.9675,4.2975,$ Per Bushel
2025-12-09,Corn,Kansas,,Truck,4.1625,4.0375,4.2875,$ Per Bushel
2025-12-09,Corn,Michigan,,Truck,4.25,4.0875,4.4375,$ Per Bushel
2025-12-09,Corn,Minnesota,,Truck,4.0758,3.9175,4.1775,$ Per Bushel
2025-12-09,Corn,Missouri,,Truck,4.245,4.1875,4.3375,$ Per Bushel
2025-12-09,Corn,Nebraska,,Truck,4.1616,3.8975,4.3375,$ Per Bushel
2025-12-09,Corn,Ohio,,Truck,4.5575,4.4875,4.6375,$ Per Bushel
2025-12-09,Corn,South Dakota,,Truck,3.7983,3.6875,3.9975,$ Per Bushel
2025-12-09,Corn,Wisconsin,,Truck,4.0015,3.8775,4.1375,$ Per Bushel
2025-12-10,Corn,Illinois,,Truck,4.4829,4.32,4.73,$ Per Bushel
2025-12-10,Corn,Indiana,,Truck,4.54,4.4,4.73,$ Per Bushel
2025-12-10,Corn,Iowa,,Truck,4.3431,4.28,4.48,$ Per Bushel
2025-12-10,Corn,Kansas,,Truck,4.205,4.08,4.33,$ Per Bushel
2025-12-10,Corn,Michigan,,Truck,4.2925,4.13,4.48,$ Per Bushel
2025-12-10,Corn,Minnesota,,Truck,4.125,3.96,4.26,$ Per Bushel
2025-12-10,Corn,Missouri,,Truck,4.2875,4.23,4.38,$ Per Bushel
2025-12-10,Corn,Nebraska,,Truck,4.2,3.94,4.38,$ Per Bushel
2025-12-10,Corn,Ohio,,Truck,4.6,4.53,4.68,$ Per Bushel
2025-12-10,Corn,South Dakota,,Truck,3.8642,3.73,4.08,$ Per Bushel
2025-12-10,Corn,Wisconsin,,Truck,4.066,3.98,4.18,$ Per Bushel
2025-12-11,Corn,Illinois,,Truck,4.4411,4.2825,4.6925,$ Per Bushel
2025-12-11,Corn,Indiana,,Truck,4.5025,4.3625,4.6925,$ Per Bushel
2025-12-11,Corn,Iowa,,Truck,4.1857,3.9725,4.3225,$ Per Bushel
2025-12-11,Corn,Kansas,,Truck,4.1675,4.0425,4.2925,$ Per Bushel
2025-12-11,Corn,Michigan,,Truck,4.255,4.0925,4.4425,$ Per Bushel
2025-12-11,Corn,Minnesota,,Truck,4.1025,3.9225,4.2225,$ Per Bushel
2025-12-11,Corn,Missouri,,Truck,4.2375,4.1725,4.3425,$ Per Bushel
2025-12-11,Corn,Nebraska,,Truck,4.1584,3.9025,4.3425,$ Per Bushel
2025-12-11,Corn,Ohio,,Truck,4.5675,4.4925,4.6425,$ Per Bushel
2025-12-11,Corn,South Dakota,,Truck,3.8358,3.6925,4.0425,$ Per Bushel
2025-12-11,Corn,Wisconsin,,Truck,4.0385,3.9925,4.1425,$ Per Bushel
2025-12-12,Corn,Illinois,,Truck,4.4607,4.305,4.715,$ Per Bushel
2025-12-12,Corn,Indiana,,Truck,4.525,4.385,4.715,$ Per Bushel
2025-12-12,Corn,Iowa,,Truck,4.2108,3.995,4.365,$ Per Bushel
2025-12-12,Corn,Kansas,,Truck,4.19,4.065,4.315,$ Per Bushel
2025-12-12,Corn,Michigan,,Truck,4.2625,4.115,4.465,$ Per Bushel
2025-12-12,Corn,Minnesota,,Truck,4.125,3.945,4.245,$ Per Bushel
2025-12-12,Corn,Missouri,,Truck,4.26,4.195,4.365,$ Per Bushel
2025-12-12,Corn,Nebraska,,Truck,4.1768,3.925,4.365,$ Per Bushel
2025-12-12,Corn,Ohio,,Truck,4.59,4.515,4.665,$ Per Bushel
2025-12-12,Corn,South Dakota,,Truck,3.8583,3.715,4.065,$ Per Bushel
2025-12-12,Corn,Wisconsin,,Truck,4.061,4.015,4.165,$ Per Bushel
2025-12-15,Corn,Illinois,,Truck,4.3946,4.2475,4.6075,$ Per Bushel
2025-12-15,Corn,Indiana,,Truck,4.4664,4.3275,4.6575,$ Per Bushel
2025-12-15,Corn,Iowa,,Truck,4.158,3.9375,4.3075,$ Per Bushel
2025-12-15,Corn,Kansas,,Truck,4.1325,4.0075,4.2575,$ Per Bushel
2025-12-15,Corn,Michigan,,Truck,4.219,4.0575,4.4075,$ Per Bushel
2025-12-15,Corn,Minnesota,,Truck,4.0792,3.8875,4.2075,$ Per Bushel
2025-12-15,Corn,Missouri,,Truck,4.1975,4.1375,4.3075,$ Per Bushel
2025-12-15,Corn,Nebraska,,Truck,4.1257,3.8675,4.3375,$ Per Bushel
2025-12-15,Corn,Ohio,,Truck,4.5375,4.4575,4.6075,$ Per Bushel
2025-12-15,Corn,South Dakota,,Truck,3.8025,3.6575,4.0075,$ Per Bushel
2025-12-15,Corn,Wisconsin,,Truck,4.0035,3.9575,4.1075,$ Per Bushel
2025-12-16,Corn,Illinois,,Truck,4.3832,4.2375,4.5975,$ Per Bushel
2025-12-16,Corn,Indiana,,Truck,4.4631,4.3475,4.6475,$ Per Bushel
2025-12-16,Corn,Iowa,,Truck,4.1501,3.9275,4.2975,$ Per Bushel
2025-12-16,Corn,Kansas,,Truck,4.1225,3.9975,4.2475,$ Per Bushel
2025-12-16,Corn,Michigan,,Truck,4.2275,4.0475,4.3975,$ Per Bushel
2025-12-16,Corn,Minnesota,,Truck,4.0692,3.8775,4.1975,$ Per Bushel
2025-12-16,Corn,Missouri,,Truck,4.1875,4.1275,4.2975,$ Per Bushel
2025-12-16,Corn,Nebraska,,Truck,4.1175,3.9375,4.3275,$ Per Bushel
2025-12-16,Corn,Ohio,,Truck,4.5475,4.4475,4.5975,$ Per Bushel
2025-12-16,Corn,South Dakota,,Truck,3.7933,3.6475,3.9975,$ Per Bushel
2025-12-16,Corn,Wisconsin,,Truck,3.9935,3.9475,4.0975,$ Per Bushel
2025-12-17,Corn,Illinois,,Truck,4.3521,4.205,4.565,$ Per Bushel
2025-12-17,Corn,Indiana,,Truck,4.4306,4.315,4.615,$ Per Bushel
2025-12-17,Corn,Iowa,,Truck,4.2404,4.165,4.345,$ Per Bushel
2025-12-17,Corn,Kansas,,Truck,4.09,3.965,4.215,$ Per Bushel
2025-12-17,Corn,Michigan,,Truck,4.205,4.015,4.365,$ Per Bushel
2025-12-17,Corn,Minnesota,,Truck,4.03,3.845,4.165,$ Per Bushel
2025-12-17,Corn,Missouri,,Truck,4.135,4.065,4.265,$ Per Bushel
2025-12-17,Corn,Nebraska,,Truck,4.0897,3.905,4.295,$ Per Bushel
2025-12-17,Corn,Ohio,,Truck,4.515,4.415,4.565,$ Per Bushel
2025-12-17,Corn,South Dakota,,Truck,3.7658,3.665,3.965,$ Per Bushel
2025-12-17,Corn,Wisconsin,,Truck,3.975,3.915,4.115,$ Per Bushel
2025-12-18,Corn,Illinois,,Truck,4.3721,4.255,4.525,$ Per Bushel
2025-12-18,Corn,Indiana,,Truck,4.465,4.355,4.605,$ Per Bushel
2025-12-18,Corn,Iowa,,Truck,4.1576,3.935,4.305,$ Per Bushel
2025-12-18,Corn,Kansas,,Truck,4.1425,4.005,4.255,$ Per Bushel
2025-12-18,Corn,Michigan,,Truck,4.245,4.055,4.405,$ Per Bushel
2025-12-18,Corn,Minnesota,,Truck,4.065,3.885,4.205,$ Per Bushel
2025-12-18,Corn,Missouri,,Truck,4.175,4.105,4.305,$ Per Bushel
2025-12-18,Corn,Nebraska,,Truck,4.1181,3.945,4.335,$ Per Bushel
2025-12-18,Corn,Ohio,,Truck,4.5633,4.455,4.655,$ Per Bushel
2025-12-18,Corn,South Dakota,,Truck,3.8025,3.695,4.025,$ Per Bushel
2025-12-18,Corn,Wisconsin,,Truck,4.015,3.955,4.155,$ Per Bushel
2025-12-19,Corn,Illinois,,Truck,4.4121,4.295,4.565,$ Per Bushel
2025-12-19,Corn,Indiana,,Truck,4.505,4.395,4.645,$ Per Bushel
2025-12-19,Corn,Iowa,,Truck,4.1934,3.975,4.325,$ Per Bushel
2025-12-19,Corn,Kansas,,Truck,4.1825,4.045,4.295,$ Per Bushel
2025-12-19,Corn,Michigan,,Truck,4.285,4.095,4.445,$ Per Bushel
2025-12-19,Corn,Minnesota,,Truck,4.1017,3.925,4.245,$ Per Bushel
2025-12-19,Corn,Missouri,,Truck,4.215,4.145,4.345,$ Per Bushel
2025-12-19,Corn,Nebraska,,Truck,4.155,3.985,4.375,$ Per Bushel
2025-12-19,Corn,Ohio,,Truck,4.6033,4.495,4.695,$ Per Bushel
2025-12-19,Corn,South Dakota,,Truck,3.8425,3.735,4.065,$ Per Bushel
2025-12-19,Corn,Wisconsin,,Truck,4.055,3.995,4.195,$ Per Bushel
2025-12-22,Corn,Illinois,,Truck,4.4161,4.2875,4.6375,$ Per Bushel
2025-12-22,Corn,Indiana,,Truck,4.4975,4.3875,4.6375,$ Per Bushel
2025-12-22,Corn,Iowa,,Truck,4.1859,4.0375,4.3075,$ Per Bushel
2025-12-22,Corn,Kansas,,Truck,4.175,4.0375,4.2875,$ Per Bushel
2025-12-22,Corn,Michigan,,Truck,4.2775,4.0875,4.4375,$ Per Bushel
2025-12-22,Corn,Minnesota,,Truck,4.0942,3.9175,4.2375,$ Per Bushel
2025-12-22,Corn,Missouri,,Truck,4.2075,4.1375,4.3375,$ Per Bushel
2025-12-22,Corn,Nebraska,,Truck,4.155,3.9875,4.3675,$ Per Bushel
2025-12-22,Corn,Ohio,,Truck,4.5908,4.5375,4.6875,$ Per Bushel
2025-12-22,Corn,South Dakota,,Truck,3.8375,3.7275,4.0375,$ Per Bushel
2025-12-22,Corn,Wisconsin,,Truck,4.0475,3.9875,4.1875,$ Per Bushel
2025-12-23,Corn,Illinois,,Truck,4.4614,4.32,4.67,$ Per Bushel
2025-12-23,Corn,Indiana,,Truck,4.5267,4.42,4.67,$ Per Bushel
2025-12-23,Corn,Iowa,,Truck,4.2184,4.07,4.34,$ Per Bushel
2025-12-23,Corn,Kansas,,Truck,4.22,4.07,4.37,$ Per Bushel
2025-12-23,Corn,Michigan,,Truck,4.31,4.12,4.47,$ Per Bushel
2025-12-23,Corn,Minnesota,,Truck,4.1267,3.95,4.27,$ Per Bushel
2025-12-23,Corn,Missouri,,Truck,4.24,4.17,4.37,$ Per Bushel
2025-12-23,Corn,Nebraska,,Truck,4.1881,4.02,4.37,$ Per Bushel
2025-12-23,Corn,Ohio,,Truck,4.61,4.57,4.67,$ Per Bushel
2025-12-23,Corn,South Dakota,,Truck,3.8692,3.76,4.07,$ Per Bushel
2025-12-23,Corn,Wisconsin,,Truck,4.1,4.02,4.22,$ Per Bushel
2025-12-29,Corn,Illinois,,Truck,4.5014,4.37,4.7,$ Per Bushel
2025-12-29,Corn,Indiana,,Truck,4.5511,4.4,4.7,$ Per Bushel
2025-12-29,Corn,Iowa,,Truck,4.3392,4.3,4.4,$ Per Bushel
2025-12-29,Corn,Kansas,,Truck,4.25,4.1,4.4,$ Per Bushel
2025-12-29,Corn,Michigan,,Truck,4.35,4.15,4.5,$ Per Bushel
2025-12-29,Corn,Minnesota,,Truck,4.1483,4.01,4.3,$ Per Bushel
2025-12-29,Corn,Missouri,,Truck,4.275,4.2,4.4,$ Per Bushel
2025-12-29,Corn,Nebraska,,Truck,4.2053,4.05,4.42,$ Per Bushel
2025-12-29,Corn,Ohio,,Truck,4.615,4.55,4.67,$ Per Bushel
2025-12-29,Corn,South Dakota,,Truck,3.9025,3.8,4.08,$ Per Bushel
2025-12-29,Corn,Wisconsin,,Truck,4.126,4.03,4.25,$ Per Bushel
2025-12-30,Corn,Illinois,,Truck,4.4225,4.2925,4.6225,$ Per Bushel
2025-12-30,Corn,Indiana,,Truck,4.4714,4.3225,4.6225,$ Per Bushel
2025-12-30,Corn,Iowa,,Truck,4.1736,4.0225,4.2925,$ Per Bushel
2025-12-30,Corn,Kansas,,Truck,4.1725,4.0225,4.3225,$ Per Bushel
2025-12-30,Corn,Michigan,,Truck,4.2725,4.0725,4.4225,$ Per Bushel
2025-12-30,Corn,Minnesota,,Truck,4.0708,3.9325,4.2225,$ Per Bushel
2025-12-30,Corn,Missouri,,Truck,4.1975,4.1225,4.3225,$ Per Bushel
2025-12-30,Corn,Nebraska,,Truck,4.1331,3.9725,4.3525,$ Per Bushel
2025-12-30,Corn,Ohio,,Truck,4.5375,4.4725,4.5925,$ Per Bushel
2025-12-30,Corn,South Dakota,,Truck,3.825,3.7225,4.0025,$ Per Bushel
2025-12-30,Corn,Wisconsin,,Truck,4.0485,3.9525,4.1725,$ Per Bushel
2025-12-31,Corn,Illinois,,Truck,4.4221,4.275,4.625,$ Per Bushel
2025-12-31,Corn,Indiana,,Truck,4.4539,4.305,4.605,$ Per Bushel
2025-12-31,Corn,Iowa,,Truck,4.155,4.005,4.275,$ Per Bushel
2025-12-31,Corn,Kansas,,Truck,4.1675,4.005,4.355,$ Per Bushel
2025-12-31,Corn,Michigan,,Truck,4.255,4.055,4.405,$ Per Bushel
2025-12-31,Corn,Minnesota,,Truck,4.05,3.915,4.185,$ Per Bushel
2025-12-31,Corn,Missouri,,Truck,4.19,4.145,4.305,$ Per Bushel
2025-12-31,Corn,Nebraska,,Truck,4.1169,3.955,4.335,$ Per Bushel
2025-12-31,Corn,Ohio,,Truck,4.52,4.455,4.575,$ Per Bushel
2025-12-31,Corn,South Dakota,,Truck,3.8117,3.705,3.985,$ Per Bushel
2025-12-31,Corn,Wisconsin,,Truck,4.031,3.935,4.155,$ Per Bushel
2026-01-05,Corn,Illinois,,Truck,4.4036,4.245,4.625,$ Per Bushel
2026-01-05,Corn,Indiana,,Truck,4.4261,4.305,4.615,$ Per Bushel
2026-01-05,Corn,Iowa,,Truck,4.135,3.975,4.255,$ Per Bushel
2026-01-05,Corn,Kansas,,Truck,4.175,3.975,4.325,$ Per Bushel
2026-01-05,Corn,Michigan,,Truck,4.245,4.025,4.375,$ Per Bushel
2026-01-05,Corn,Minnesota,,Truck,4.035,3.905,4.155,$ Per Bushel
2026-01-05,Corn,Missouri,,Truck,4.1625,4.125,4.275,$ Per Bushel
2026-01-05,Corn,Nebraska,,Truck,4.1044,3.955,4.275,$ Per Bushel
2026-01-05,Corn,Ohio,,Truck,4.49,4.425,4.545,$ Per Bushel
2026-01-05,Corn,South Dakota,,Truck,3.8133,3.725,3.975,$ Per Bushel
2026-01-05,Corn,Wisconsin,,Truck,4.033,3.935,4.155,$ Per Bushel
2026-01-06,Corn,Illinois,,Truck,4.475,4.315,4.695,$ Per Bushel
2026-01-06,Corn,Indiana,,Truck,4.4994,4.375,4.685,$ Per Bushel
2026-01-06,Corn,Iowa,,Truck,4.2061,4.045,4.325,$ Per Bushel
2026-01-06,Corn,Kansas,,Truck,4.245,4.045,4.395,$ Per Bushel
2026-01-06,Corn,Michigan,,Truck,4.315,4.095,4.445,$ Per Bushel
2026-01-06,Corn,Minnesota,,Truck,4.105,3.975,4.225,$ Per Bushel
2026-01-06,Corn,Missouri,,Truck,4.2325,4.195,4.345,$ Per Bushel
2026-01-06,Corn,Nebraska,,Truck,4.1763,4.025,4.345,$ Per Bushel
2026-01-06,Corn,Ohio,,Truck,4.5633,4.515,4.615,$ Per Bushel
2026-01-06,Corn,South Dakota,,Truck,3.8817,3.795,4.045,$ Per Bushel
2026-01-06,Corn,Wisconsin,,Truck,4.087,4.005,4.225,$ Per Bushel
2026-01-07,Corn,Illinois,,Truck,4.4671,4.31,4.69,$ Per Bushel
2026-01-07,Corn,Indiana,,Truck,4.4944,4.37,4.68,$ Per Bushel
2026-01-07,Corn,Iowa,,Truck,4.2854,4.24,4.35,$ Per Bushel
2026-01-07,Corn,Kansas,,Truck,4.24,4.04,4.39,$ Per Bushel
2026-01-07,Corn,Michigan,,Truck,4.31,4.09,4.44,$ Per Bushel
2026-01-07,Corn,Minnesota,,Truck,4.105,3.97,4.22,$ Per Bushel
2026-01-07,Corn,Missouri,,Truck,4.2275,4.19,4.34,$ Per Bushel
2026-01-07,Corn,Nebraska,,Truck,4.1706,4.02,4.34,$ Per Bushel
2026-01-07,Corn,Ohio,,Truck,4.5583,4.51,4.61,$ Per Bushel
2026-01-07,Corn,South Dakota,,Truck,3.8742,3.79,4.04,$ Per Bushel
2026-01-07,Corn,Wisconsin,,Truck,4.082,4.0,4.22,$ Per Bushel
2026-01-08,Corn,Illinois,,Truck,4.4904,4.3375,4.7175,$ Per Bushel
2026-01-08,Corn,Indiana,,Truck,4.5219,4.3975,4.7075,$ Per Bushel
2026-01-08,Corn,Iowa,,Truck,4.2312,4.0675,4.3475,$ Per Bushel
2026-01-08,Corn,Kansas,,Truck,4.2675,4.0675,4.4175,$ Per Bushel
2026-01-08,Corn,Michigan,,Truck,4.3375,4.1175,4.4675,$ Per Bushel
2026-01-08,Corn,Minnesota,,Truck,4.1242,3.9975,4.2475,$ Per Bushel
2026-01-08,Corn,Missouri,,Truck,4.255,4.2175,4.3675,$ Per Bushel
2026-01-08,Corn,Nebraska,,Truck,4.1956,4.0475,4.3675,$ Per Bushel
2026-01-08,Corn,Ohio,,Truck,4.5908,4.5675,4.6375,$ Per Bushel
2026-01-08,Corn,South Dakota,,Truck,3.8967,3.8175,4.0675,$ Per Bushel
2026-01-08,Corn,Wisconsin,,Truck,4.1095,4.0275,4.2475,$ Per Bushel
2026-01-09,Corn,Illinois,,Truck,4.4829,4.33,4.71,$ Per Bushel
2026-01-09,Corn,Indiana,,Truck,4.5122,4.39,4.7,$ Per Bushel
2026-01-09,Corn,Iowa,,Truck,4.2253,4.06,4.34,$ Per Bushel
2026-01-09,Corn,Kansas,,Truck,4.2725,4.06,4.41,$ Per Bushel
2026-01-09,Corn,Michigan,,Truck,4.36,4.26,4.46,$ Per Bushel
2026-01-09,Corn,Minnesota,,Truck,4.1167,3.99,4.24,$ Per Bushel
2026-01-09,Corn,Missouri,,Truck,4.2475,4.21,4.36,$ Per Bushel
2026-01-09,Corn,Nebraska,,Truck,4.1869,4.04,4.36,$ Per Bushel
2026-01-09,Corn,Ohio,,Truck,4.5833,4.56,4.63,$ Per Bushel
2026-01-09,Corn,South Dakota,,Truck,3.8833,3.8,4.06,$ Per Bushel
2026-01-09,Corn,Wisconsin,,Truck,4.108,4.02,4.24,$ Per Bushel
2026-01-12,Corn,Illinois,,Truck,4.4846,4.3275,4.7075,$ Per Bushel
2026-01-12,Corn,Indiana,,Truck,4.5086,4.3875,4.6975,$ Per Bushel
2026-01-12,Corn,Iowa,,Truck,4.2212,4.0875,4.3375,$ Per Bushel
2026-01-12,Corn,Kansas,,Truck,4.27,4.0575,4.4075,$ Per Bushel
2026-01-12,Corn,Michigan,,Truck,4.3535,4.2575,4.4575,$ Per Bushel
2026-01-12,Corn,Minnesota,,Truck,4.1142,3.9875,4.2375,$ Per Bushel
2026-01-12,Corn,Missouri,,Truck,4.2575,4.2075,4.4075,$ Per Bushel
2026-01-12,Corn,Nebraska,,Truck,4.1831,4.0375,4.3575,$ Per Bushel
2026-01-12,Corn,Ohio,,Truck,4.5808,4.5575,4.6275,$ Per Bushel
2026-01-12,Corn,South Dakota,,Truck,3.8825,3.7875,4.0375,$ Per Bushel
2026-01-12,Corn,Wisconsin,,Truck,4.1055,4.0175,4.2375,$ Per Bushel
2026-01-13,Corn,Illinois,,Truck,4.2393,4.085,4.465,$ Per Bushel
2026-01-13,Corn,Indiana,,Truck,4.2628,4.145,4.455,$ Per Bushel
2026-01-13,Corn,Iowa,,Truck,3.9861,3.845,4.135,$ Per Bushel
2026-01-13,Corn,Kansas,,Truck,4.0275,3.815,4.165,$ Per Bushel
2026-01-13,Corn,Michigan,,Truck,4.111,4.015,4.215,$ Per Bushel
2026-01-13,Corn,Minnesota,,Truck,3.8667,3.745,3.995,$ Per Bushel
2026-01-13,Corn,Missouri,,Truck,4.025,3.965,4.165,$ Per Bushel
2026-01-13,Corn,Nebraska,,Truck,3.9406,3.795,4.115,$ Per Bushel
2026-01-13,Corn,Ohio,,Truck,4.3433,4.315,4.415,$ Per Bushel
2026-01-13,Corn,South Dakota,,Truck,3.6367,3.545,3.795,$ Per Bushel
2026-01-13,Corn,Wisconsin,,Truck,3.863,3.775,3.995,$ Per Bushel
2026-01-14,Corn,Illinois,,Truck,4.2232,4.0675,4.4475,$ Per Bushel
2026-01-14,Corn,Indiana,,Truck,4.2531,4.1275,4.4375,$ Per Bushel
2026-01-14,Corn,Iowa,,Truck,3.9728,3.8275,4.1175,$ Per Bushel
2026-01-14,Corn,Kansas,,Truck,4.01,3.7975,4.1475,$ Per Bushel
2026-01-14,Corn,Michigan,,Truck,4.1035,3.9975,4.1975,$ Per Bushel
2026-01-14,Corn,Minnesota,,Truck,3.8558,3.7275,3.9775,$ Per Bushel
2026-01-14,Corn,Missouri,,Truck,4.02,3.9475,4.1475,$ Per Bushel
2026-01-14,Corn,Nebraska,,Truck,3.9231,3.7775,4.0975,$ Per Bushel
2026-01-14,Corn,Ohio,,Truck,4.3358,4.2975,4.3975,$ Per Bushel
2026-01-14,Corn,South Dakota,,Truck,3.6225,3.5275,3.7975,$ Per Bushel
2026-01-14,Corn,Wisconsin,,Truck,3.8455,3.7575,3.9775,$ Per Bushel
2026-01-15,Corn,Illinois,,Truck,4.25,4.09,4.47,$ Per Bushel
2026-01-15,Corn,Indiana,,Truck,4.2767,4.15,4.47,$ Per Bushel
2026-01-15,Corn,Iowa,,Truck,4.0631,3.98,4.16,$ Per Bushel
2026-01-15,Corn,Kansas,,Truck,4.0325,3.82,4.17,$ Per Bushel
2026-01-15,Corn,Michigan,,Truck,4.126,4.02,4.22,$ Per Bushel
2026-01-15,Corn,Minnesota,,Truck,3.8783,3.75,4.0,$ Per Bushel
2026-01-15,Corn,Missouri,,Truck,4.0425,3.97,4.17,$ Per Bushel
2026-01-15,Corn,Nebraska,,Truck,3.9488,3.8,4.12,$ Per Bushel
2026-01-15,Corn,Ohio,,Truck,4.365,4.32,4.44,$ Per Bushel
2026-01-15,Corn,South Dakota,,Truck,3.6475,3.56,3.82,$ Per Bushel
2026-01-15,Corn,Wisconsin,,Truck,3.878,3.78,4.0,$ Per Bushel
2026-01-16,Corn,Illinois,,Truck,4.2396,4.0725,4.4625,$ Per Bushel
2026-01-16,Corn,Indiana,,Truck,4.2658,4.1325,4.4525,$ Per Bushel
2026-01-16,Corn,Iowa,,Truck,3.9809,3.8325,4.1225,$ Per Bushel
2026-01-16,Corn,Kansas,,Truck,4.015,3.8025,4.1525,$ Per Bushel
2026-01-16,Corn,Michigan,,Truck,4.1085,4.0025,4.2025,$ Per Bushel
2026-01-16,Corn,Minnesota,,Truck,3.8642,3.7325,3.9825,$ Per Bushel
2026-01-16,Corn,Missouri,,Truck,4.0375,3.9525,4.1525,$ Per Bushel
2026-01-16,Corn,Nebraska,,Truck,3.9313,3.7825,4.1025,$ Per Bushel
2026-01-16,Corn,Ohio,,Truck,4.3558,4.3025,4.4225,$ Per Bushel
2026-01-16,Corn,South Dakota,,Truck,3.63,3.5425,3.8025,$ Per Bushel
2026-01-16,Corn,Wisconsin,,Truck,3.8685,3.8025,3.9825,$ Per Bushel
2026-01-20,Corn,Illinois,,Truck,4.2918,4.1375,4.5175,$ Per Bushel
2026-01-20,Corn,Indiana,,Truck,4.3131,4.1975,4.4975,$ Per Bushel
2026-01-20,Corn,Iowa,,Truck,4.0259,3.8775,4.1875,$ Per Bushel
2026-01-20,Corn,Kansas,,Truck,4.0725,3.8475,4.1975,$ Per Bushel
2026-01-20,Corn,Michigan,,Truck,4.1635,4.0475,4.2475,$ Per Bushel
2026-01-20,Corn,Minnesota,,Truck,3.9075,3.7475,4.0275,$ Per Bushel
2026-01-20,Corn,Missouri,,Truck,4.0825,3.9975,4.1975,$ Per Bushel
2026-01-20,Corn,Nebraska,,Truck,3.9806,3.8275,4.1775,$ Per Bushel
2026-01-20,Corn,Ohio,,Truck,4.4242,4.3475,4.4975,$ Per Bushel
2026-01-20,Corn,South Dakota,,Truck,3.6783,3.5975,3.8475,$ Per Bushel
2026-01-20,Corn,Wisconsin,,Truck,3.9175,3.8475,4.0275,$ Per Bushel
2026-01-21,Corn,Illinois,,Truck,4.2789,4.1275,4.5375,$ Per Bushel
2026-01-21,Corn,Indiana,,Truck,4.3175,4.1875,4.4875,$ Per Bushel
2026-01-21,Corn,Iowa,,Truck,4.0164,3.8675,4.1775,$ Per Bushel
2026-01-21,Corn,Kansas,,Truck,4.0625,3.8375,4.1875,$ Per Bushel
2026-01-21,Corn,Michigan,,Truck,4.1535,4.0375,4.2375,$ Per Bushel
2026-01-21,Corn,Minnesota,,Truck,3.8975,3.7375,4.0175,$ Per Bushel
2026-01-21,Corn,Missouri,,Truck,4.0875,3.9875,4.1875,$ Per Bushel
2026-01-21,Corn,Nebraska,,Truck,3.9731,3.8175,4.1675,$ Per Bushel
2026-01-21,Corn,Ohio,,Truck,4.4208,4.3375,4.4875,$ Per Bushel
2026-01-21,Corn,South Dakota,,Truck,3.6717,3.5875,3.8575,$ Per Bushel
2026-01-21,Corn,Wisconsin,,Truck,3.9075,3.8375,4.0175,$ Per Bushel
2026-01-22,Corn,Illinois,,Truck,4.2518,4.1075,4.5175,$ Per Bushel
2026-01-22,Corn,Indiana,,Truck,4.2997,4.1675,4.4675,$ Per Bushel
2026-01-22,Corn,Iowa,,Truck,4.0022,3.8675,4.1575,$ Per Bushel
2026-01-22,Corn,Kansas,,Truck,4.055,3.8175,4.1675,$ Per Bushel
2026-01-22,Corn,Michigan,,Truck,4.1335,4.0175,4.2175,$ Per Bushel
2026-01-22,Corn,Minnesota,,Truck,3.8808,3.7175,4.0175,$ Per Bushel
2026-01-22,Corn,Missouri,,Truck,4.0675,3.9675,4.1675,$ Per Bushel
2026-01-22,Corn,Nebraska,,Truck,3.955,3.7975,4.1475,$ Per Bushel
2026-01-22,Corn,Ohio,,Truck,4.4208,4.3175,4.4675,$ Per Bushel
2026-01-22,Corn,South Dakota,,Truck,3.6492,3.5675,3.8375,$ Per Bushel
2026-01-22,Corn,Wisconsin,,Truck,3.8875,3.8175,3.9975,$ Per Bushel
2026-01-23,Corn,Illinois,,Truck,4.2743,4.14,4.54,$ Per Bushel
2026-01-23,Corn,Indiana,,Truck,4.3389,4.19,4.54,$ Per Bushel
2026-01-23,Corn,Iowa,,Truck,4.0232,3.89,4.18,$ Per Bushel
2026-01-23,Corn,Kansas,,Truck,4.0775,3.84,4.19,$ Per Bushel
2026-01-23,Corn,Michigan,,Truck,4.156,4.04,4.24,$ Per Bushel
2026-01-23,Corn,Minnesota,,Truck,3.9033,3.74,4.04,$ Per Bushel
2026-01-23,Corn,Missouri,,Truck,4.09,3.99,4.19,$ Per Bushel
2026-01-23,Corn,Nebraska,,Truck,3.9775,3.82,4.17,$ Per Bushel
2026-01-23,Corn,Ohio,,Truck,4.4683,4.34,4.54,$ Per Bushel
2026-01-23,Corn,South Dakota,,Truck,3.6717,3.59,3.86,$ Per Bushel
2026-01-23,Corn,Wisconsin,,Truck,3.91,3.84,4.02,$ Per Bushel
2026-01-26,Corn,Illinois,,Truck,4.3421,4.205,4.605,$ Per Bushel
2026-01-26,Corn,Indiana,,Truck,4.4061,4.255,4.605,$ Per Bushel
2026-01-26,Corn,Iowa,,Truck,4.1812,4.125,4.255,$ Per Bushel
2026-01-26,Corn,Kansas,,Truck,4.155,3.905,4.305,$ Per Bushel
2026-01-26,Corn,Michigan,,Truck,4.221,4.105,4.305,$ Per Bushel
2026-01-26,Corn,Minnesota,,Truck,3.9767,3.805,4.105,$ Per Bushel
2026-01-26,Corn,Missouri,,Truck,4.1425,4.055,4.255,$ Per Bushel
2026-01-26,Corn,Nebraska,,Truck,4.045,3.885,4.235,$ Per Bushel
2026-01-26,Corn,Ohio,,Truck,4.5333,4.405,4.605,$ Per Bushel
2026-01-26,Corn,South Dakota,,Truck,3.7425,3.655,3.925,$ Per Bushel
2026-01-26,Corn,Wisconsin,,Truck,3.975,3.905,4.085,$ Per Bushel
2026-01-27,Corn,Illinois,,Truck,4.3239,4.1825,4.5825,$ Per Bushel
2026-01-27,Corn,Indiana,,Truck,4.3858,4.2325,4.5825,$ Per Bushel
2026-01-27,Corn,Iowa,,Truck,4.1463,4.1025,4.2325,$ Per Bushel
2026-01-27,Corn,Kansas,,Truck,4.1325,3.8825,4.2825,$ Per Bushel
2026-01-27,Corn,Michigan,,Truck,4.1985,4.0825,4.2825,$ Per Bushel
2026-01-27,Corn,Minnesota,,Truck,3.9542,3.7825,4.0825,$ Per Bushel
2026-01-27,Corn,Missouri,,Truck,4.12,4.0325,4.2325,$ Per Bushel
2026-01-27,Corn,Nebraska,,Truck,4.0263,3.8625,4.2125,$ Per Bushel
2026-01-27,Corn,Ohio,,Truck,4.5275,4.4825,4.5825,$ Per Bushel
2026-01-27,Corn,South Dakota,,Truck,3.7233,3.6325,3.9025,$ Per Bushel
2026-01-27,Corn,Wisconsin,,Truck,3.9625,3.9025,4.0625,$ Per Bushel
2026-01-28,Corn,Illinois,,Truck,4.3121,4.165,4.585,$ Per Bushel
2026-01-28,Corn,Indiana,,Truck,4.3706,4.215,4.565,$ Per Bushel
2026-01-28,Corn,Iowa,,Truck,4.0534,3.915,4.185,$ Per Bushel
2026-01-28,Corn,Kansas,,Truck,4.115,3.865,4.265,$ Per Bushel
2026-01-28,Corn,Michigan,,Truck,4.193,4.065,4.325,$ Per Bushel
2026-01-28,Corn,Minnesota,,Truck,3.9367,3.765,4.065,$ Per Bushel
2026-01-28,Corn,Missouri,,Truck,4.1225,4.015,4.265,$ Per Bushel
2026-01-28,Corn,Nebraska,,Truck,4.01,3.845,4.195,$ Per Bushel
2026-01-28,Corn,Ohio,,Truck,4.5017,4.465,4.565,$ Per Bushel
2026-01-28,Corn,South Dakota,,Truck,3.7058,3.615,3.885,$ Per Bushel
2026-01-28,Corn,Wisconsin,,Truck,3.945,3.885,4.045,$ Per Bushel
2026-01-29,Corn,Illinois,,Truck,4.35,4.2,4.62,$ Per Bushel
2026-01-29,Corn,Indiana,,Truck,4.4056,4.25,4.6,$ Per Bushel
2026-01-29,Corn,Iowa,,Truck,4.1638,4.12,4.25,$ Per Bushel
2026-01-29,Corn,Kansas,,Truck,4.15,3.9,4.3,$ Per Bushel
2026-01-29,Corn,Michigan,,Truck,4.228,4.1,4.36,$ Per Bushel
2026-01-29,Corn,Minnesota,,Truck,3.9767,3.8,4.1,$ Per Bushel
2026-01-29,Corn,Missouri,,Truck,4.1625,4.05,4.3,$ Per Bushel
2026-01-29,Corn,Nebraska,,Truck,4.0481,3.94,4.23,$ Per Bushel
2026-01-29,Corn,Ohio,,Truck,4.5367,4.5,4.6,$ Per Bushel
2026-01-29,Corn,South Dakota,,Truck,3.7392,3.65,3.92,$ Per Bushel
2026-01-29,Corn,Wisconsin,,Truck,3.98,3.92,4.08,$ Per Bushel
2026-01-30,Corn,Illinois,,Truck,4.3532,4.2075,4.6275,$ Per Bushel
2026-01-30,Corn,Indiana,,Truck,4.4197,4.2575,4.6075,$ Per Bushel
2026-01-30,Corn,Iowa,,Truck,4.0938,3.9575,4.2275,$ Per Bushel
2026-01-30,Corn,Kansas,,Truck,4.1575,3.9075,4.3075,$ Per Bushel
2026-01-30,Corn,Michigan,,Truck,4.2395,4.1075,4.3875,$ Per Bushel
2026-01-30,Corn,Minnesota,,Truck,3.9808,3.8075,4.1075,$ Per Bushel
2026-01-30,Corn,Missouri,,Truck,4.17,4.0575,4.3075,$ Per Bushel
2026-01-30,Corn,Nebraska,,Truck,4.055,3.9475,4.2075,$ Per Bushel
2026-01-30,Corn,Ohio,,Truck,4.5442,4.5075,4.6075,$ Per Bushel
2026-01-30,Corn,South Dakota,,Truck,3.745,3.6575,3.9275,$ Per Bushel
2026-01-30,Corn,Wisconsin,,Truck,3.9875,3.9275,4.0875,$ Per Bushel
2026-02-02,Corn,Illinois,,Truck,4.3496,4.1925,4.6225,$ Per Bushel
2026-02-02,Corn,Indiana,,Truck,4.4014,4.2325,4.6025,$ Per Bushel
2026-02-02,Corn,Iowa,,Truck,4.072,3.9325,4.2225,$ Per Bushel
2026-02-02,Corn,Kansas,,Truck,4.145,3.8825,4.3325,$ Per Bushel
2026-02-02,Corn,Michigan,,Truck,4.23,4.0825,4.3625,$ Per Bushel
2026-02-02,Corn,Minnesota,,Truck,3.9592,3.8025,4.0825,$ Per Bushel
2026-02-02,Corn,Missouri,,Truck,4.145,4.0325,4.2825,$ Per Bushel
2026-02-02,Corn,Nebraska,,Truck,4.0319,3.9125,4.1825,$ Per Bushel
2026-02-02,Corn,Ohio,,Truck,4.5108,4.4825,4.5825,$ Per Bushel
2026-02-02,Corn,South Dakota,,Truck,3.7375,3.6325,3.9225,$ Per Bushel
2026-02-02,Corn,Wisconsin,,Truck,3.9705,3.9025,4.1025,$ Per Bushel
2026-02-03,Corn,Illinois,,Truck,4.3246,4.1675,4.5975,$ Per Bushel
2026-02-03,Corn,Indiana,,Truck,4.3786,4.2075,4.5775,$ Per Bushel
2026-02-03,Corn,Iowa,,Truck,4.0517,3.9075,4.1975,$ Per Bushel
2026-02-03,Corn,Kansas,,Truck,4.12,3.8575,4.3075,$ Per Bushel
2026-02-03,Corn,Michigan,,Truck,4.205,4.0575,4.3375,$ Per Bushel
2026-02-03,Corn,Minnesota,,Truck,3.9342,3.7775,4.0575,$ Per Bushel
2026-02-03,Corn,Missouri,,Truck,4.1325,4.0075,4.2575,$ Per Bushel
2026-02-03,Corn,Nebraska,,Truck,4.01,3.8875,4.1575,$ Per Bushel
2026-02-03,Corn,Ohio,,Truck,4.4775,4.4075,4.5575,$ Per Bushel
2026-02-03,Corn,South Dakota,,Truck,3.71,3.6075,3.8975,$ Per Bushel
2026-02-03,Corn,Wisconsin,,Truck,3.9455,3.8775,4.0775,$ Per Bushel
2026-02-04,Corn,Illinois,,Truck,4.3521,4.195,4.625,$ Per Bushel
2026-02-04,Corn,Indiana,,Truck,4.4061,4.235,4.605,$ Per Bushel
2026-02-04,Corn,Iowa,,Truck,4.0755,3.935,4.205,$ Per Bushel
2026-02-04,Corn,Kansas,,Truck,4.1875,3.885,4.385,$ Per Bushel
2026-02-04,Corn,Michigan,,Truck,4.243,4.085,4.365,$ Per Bushel
2026-02-04,Corn,Minnesota,,Truck,3.9667,3.805,4.085,$ Per Bushel
2026-02-04,Corn,Missouri,,Truck,4.1525,4.035,4.285,$ Per Bushel
2026-02-04,Corn,Nebraska,,Truck,4.0363,3.915,4.185,$ Per Bushel
2026-02-04,Corn,Ohio,,Truck,4.505,4.435,4.585,$ Per Bushel
2026-02-04,Corn,South Dakota,,Truck,3.7358,3.635,3.925,$ Per Bushel
2026-02-04,Corn,Wisconsin,,Truck,3.971,3.905,4.095,$ Per Bushel
2026-02-05,Corn,Illinois,,Truck,4.3564,4.205,4.615,$ Per Bushel
2026-02-05,Corn,Indiana,,Truck,4.4139,4.245,4.615,$ Per Bushel
2026-02-05,Corn,Iowa,,Truck,4.1627,4.145,4.215,$ Per Bushel
2026-02-05,Corn,Kansas,,Truck,4.1975,3.895,4.395,$ Per Bushel
2026-02-05,Corn,Michigan,,Truck,4.253,4.095,4.375,$ Per Bushel
2026-02-05,Corn,Minnesota,,Truck,3.9767,3.815,4.095,$ Per Bushel
2026-02-05,Corn,Missouri,,Truck,4.1625,4.045,4.295,$ Per Bushel
2026-02-05,Corn,Nebraska,,Truck,4.045,3.925,4.175,$ Per Bushel
2026-02-05,Corn,Ohio,,Truck,4.515,4.445,4.595,$ Per Bushel
2026-02-05,Corn,South Dakota,,Truck,3.7458,3.645,3.935,$ Per Bushel
2026-02-05,Corn,Wisconsin,,Truck,3.981,3.915,4.105,$ Per Bushel
2026-02-06,Corn,Illinois,,Truck,4.4,4.26,4.63,$ Per Bushel
2026-02-06,Corn,Indiana,,Truck,4.4689,4.3,4.67,$ Per Bushel
2026-02-06,Corn,Iowa,,Truck,4.1405,4.0,4.27,$ Per Bushel
2026-02-06,Corn,Kansas,,Truck,4.2525,3.95,4.45,$ Per Bushel
2026-02-06,Corn,Michigan,,Truck,4.308,4.15,4.43,$ Per Bushel
2026-02-06,Corn,Minnesota,,Truck,4.0283,3.87,4.15,$ Per Bushel
2026-02-06,Corn,Missouri,,Truck,4.2075,4.13,4.35,$ Per Bushel
2026-02-06,Corn,Nebraska,,Truck,4.0938,3.96,4.23,$ Per Bushel
2026-02-06,Corn,Ohio,,Truck,4.57,4.5,4.65,$ Per Bushel
2026-02-06,Corn,South Dakota,,Truck,3.8025,3.7,3.99,$ Per Bushel
2026-02-06,Corn,Wisconsin,,Truck,4.036,3.97,4.16,$ Per Bushel
2026-02-09,Corn,Illinois,,Truck,4.3496,4.2125,4.5825,$ Per Bushel
2026-02-09,Corn,Indiana,,Truck,4.4214,4.2525,4.6225,$ Per Bushel
2026-02-09,Corn,Iowa,,Truck,4.0893,3.9525,4.2025,$ Per Bushel
2026-02-09,Corn,Kansas,,Truck,4.205,3.9025,4.4025,$ Per Bushel
2026-02-09,Corn,Michigan,,Truck,4.2605,4.1025,4.3825,$ Per Bushel
2026-02-09,Corn,Minnesota,,Truck,3.9675,3.8225,4.0825,$ Per Bushel
2026-02-09,Corn,Missouri,,Truck,4.16,4.0825,4.3025,$ Per Bushel
2026-02-09,Corn,Nebraska,,Truck,4.0406,3.9025,4.1825,$ Per Bushel
2026-02-09,Corn,Ohio,,Truck,4.5225,4.4525,4.6025,$ Per Bushel
2026-02-09,Corn,South Dakota,,Truck,3.7483,3.6525,3.9225,$ Per Bushel
2026-02-09,Corn,Wisconsin,,Truck,3.9745,3.9225,4.0625,$ Per Bushel
2026-02-10,Corn,Illinois,,Truck,4.3346,4.1975,4.5675,$ Per Bushel
2026-02-10,Corn,Indiana,,Truck,4.4064,4.2375,4.6075,$ Per Bushel
2026-02-10,Corn,Iowa,,Truck,4.0743,3.9375,4.1875,$ Per Bushel
2026-02-10,Corn,Kansas,,Truck,4.19,3.8875,4.3875,$ Per Bushel
2026-02-10,Corn,Michigan,,Truck,4.2455,4.0875,4.3675,$ Per Bushel
2026-02-10,Corn,Minnesota,,Truck,3.9492,3.8075,4.0675,$ Per Bushel
2026-02-10,Corn,Missouri,,Truck,4.145,4.0675,4.2875,$ Per Bushel
2026-02-10,Corn,Nebraska,,Truck,4.0256,3.8875,4.1675,$ Per Bushel
2026-02-10,Corn,Ohio,,Truck,4.5075,4.4375,4.5875,$ Per Bushel
2026-02-10,Corn,South Dakota,,Truck,3.7317,3.6375,3.9075,$ Per Bushel
2026-02-10,Corn,Wisconsin,,Truck,3.9595,3.9075,4.0475,$ Per Bushel
2026-02-11,Corn,Illinois,,Truck,4.3346,4.1975,4.5675,$ Per Bushel
2026-02-11,Corn,Indiana,,Truck,4.4042,4.2375,4.5875,$ Per Bushel
2026-02-11,Corn,Iowa,,Truck,4.1475,4.1175,4.1875,$ Per Bushel
2026-02-11,Corn,Kansas,,Truck,4.19,3.8875,4.3875,$ Per Bushel
2026-02-11,Corn,Michigan,,Truck,4.2435,4.0875,4.3675,$ Per Bushel
2026-02-11,Corn,Minnesota,,Truck,3.9475,3.8075,4.0675,$ Per Bushel
2026-02-11,Corn,Missouri,,Truck,4.145,4.0675,4.2875,$ Per Bushel
2026-02-11,Corn,Nebraska,,Truck,4.0256,3.8875,4.1675,$ Per Bushel
2026-02-11,Corn,Ohio,,Truck,4.5192,4.4375,4.5875,$ Per Bushel
2026-02-11,Corn,South Dakota,,Truck,3.73,3.6375,3.9075,$ Per Bushel
2026-02-11,Corn,Wisconsin,,Truck,3.9595,3.9075,4.0475,$ Per Bushel
2026-02-12,Corn,Illinois,,Truck,4.3236,4.185,4.555,$ Per Bushel
2026-02-12,Corn,Indiana,,Truck,4.3883,4.225,4.575,$ Per Bushel
2026-02-12,Corn,Iowa,,Truck,4.0624,3.925,4.175,$ Per Bushel
2026-02-12,Corn,Kansas,,Truck,4.1775,3.875,4.375,$ Per Bushel
2026-02-12,Corn,Michigan,,Truck,4.233,4.075,4.355,$ Per Bushel
2026-02-12,Corn,Minnesota,,Truck,3.935,3.795,4.055,$ Per Bushel
2026-02-12,Corn,Missouri,,Truck,4.1325,4.055,4.275,$ Per Bushel
2026-02-12,Corn,Nebraska,,Truck,4.0131,3.875,4.155,$ Per Bushel
2026-02-12,Corn,Ohio,,Truck,4.5067,4.425,4.575,$ Per Bushel
2026-02-12,Corn,South Dakota,,Truck,3.7175,3.625,3.895,$ Per Bushel
2026-02-12,Corn,Wisconsin,,Truck,3.947,3.895,4.035,$ Per Bushel
2026-02-13,Corn,Illinois,,Truck,4.3582,4.2225,4.5925,$ Per Bushel
2026-02-13,Corn,Indiana,,Truck,4.4236,4.2625,4.6125,$ Per Bushel
2026-02-13,Corn,Iowa,,Truck,4.1671,4.1425,4.2125,$ Per Bushel
2026-02-13,Corn,Kansas,,Truck,4.215,3.9125,4.4125,$ Per Bushel
2026-02-13,Corn,Michigan,,Truck,4.2605,4.1125,4.3925,$ Per Bushel
2026-02-13,Corn,Minnesota,,Truck,3.9725,3.8525,4.0925,$ Per Bushel
2026-02-13,Corn,Missouri,,Truck,4.1625,4.0925,4.3125,$ Per Bushel
2026-02-13,Corn,Nebraska,,Truck,4.0494,3.9125,4.1925,$ Per Bushel
2026-02-13,Corn,Ohio,,Truck,4.5525,4.4625,4.6625,$ Per Bushel
2026-02-13,Corn,South Dakota,,Truck,3.755,3.6625,3.9325,$ Per Bushel
2026-02-13,Corn,Wisconsin,,Truck,3.9785,3.9125,4.0725,$ Per Bushel
2026-02-17,Corn,Illinois,,Truck,4.3618,4.2275,4.5775,$ Per Bushel
2026-02-17,Corn,Indiana,,Truck,4.4419,4.2675,4.6175,$ Per Bushel
2026-02-17,Corn,Iowa,,Truck,4.108,3.9675,4.2175,$ Per Bushel
2026-02-17,Corn,Kansas,,Truck,4.22,3.9175,4.4175,$ Per Bushel
2026-02-17,Corn,Michigan,,Truck,4.2635,4.1175,4.3975,$ Per Bushel
2026-02-17,Corn,Minnesota,,Truck,3.9775,3.8575,4.0975,$ Per Bushel
2026-02-17,Corn,Missouri,,Truck,4.1625,4.0975,4.2975,$ Per Bushel
2026-02-17,Corn,Nebraska,,Truck,4.0588,3.9175,4.2475,$ Per Bushel
2026-02-17,Corn,Ohio,,Truck,4.5575,4.4675,4.6675,$ Per Bushel
2026-02-17,Corn,South Dakota,,Truck,3.7558,3.6675,3.9375,$ Per Bushel
2026-02-17,Corn,Wisconsin,,Truck,3.9915,3.9175,4.1175,$ Per Bushel
2026-02-18,Corn,Illinois,,Truck,4.3096,4.1825,4.5225,$ Per Bushel
2026-02-18,Corn,Indiana,,Truck,4.3825,4.2625,4.4725,$ Per Bushel
2026-02-18,Corn,Iowa,,Truck,4.0541,3.9125,4.1625,$ Per Bushel
2026-02-18,Corn,Kansas,,Truck,4.16,3.8625,4.3425,$ Per Bushel
2026-02-18,Corn,Michigan,,Truck,4.2085,4.0625,4.3425,$ Per Bushel
2026-02-18,Corn,Minnesota,,Truck,3.9225,3.8025,4.0425,$ Per Bushel
2026-02-18,Corn,Missouri,,Truck,4.1025,4.0225,4.2425,$ Per Bushel
2026-02-18,Corn,Nebraska,,Truck,4.0019,3.8825,4.1425,$ Per Bushel
2026-02-18,Corn,Ohio,,Truck,4.5025,4.4125,4.6125,$ Per Bushel
2026-02-18,Corn,South Dakota,,Truck,3.7025,3.6125,3.8825,$ Per Bushel
2026-02-18,Corn,Wisconsin,,Truck,3.9405,3.8625,4.0625,$ Per Bushel
2026-02-19,Corn,Illinois,,Truck,4.3014,4.19,4.49,$ Per Bushel
2026-02-19,Corn,Indiana,,Truck,4.3878,4.27,4.48,$ Per Bushel
2026-02-19,Corn,Iowa,,Truck,4.06,3.92,4.17,$ Per Bushel
2026-02-19,Corn,Kansas,,Truck,4.1725,3.87,4.35,$ Per Bushel
2026-02-19,Corn,Michigan,,Truck,4.216,4.07,4.35,$ Per Bushel
2026-02-19,Corn,Minnesota,,Truck,3.93,3.81,4.05,$ Per Bushel
2026-02-19,Corn,Missouri,,Truck,4.105,4.03,4.25,$ Per Bushel
2026-02-19,Corn,Nebraska,,Truck,4.0131,3.89,4.15,$ Per Bushel
2026-02-19,Corn,Ohio,,Truck,4.5017,4.42,4.57,$ Per Bushel
2026-02-19,Corn,South Dakota,,Truck,3.7217,3.65,3.9,$ Per Bushel
2026-02-19,Corn,Wisconsin,,Truck,3.946,3.86,4.07,$ Per Bushel
2026-02-20,Corn,Illinois,,Truck,4.3011,4.1575,4.5125,$ Per Bushel
2026-02-20,Corn,Indiana,,Truck,4.3869,4.2575,4.5425,$ Per Bushel
2026-02-20,Corn,Iowa,,Truck,4.0462,3.9075,4.1575,$ Per Bushel
2026-02-20,Corn,Kansas,,Truck,4.16,3.8575,4.3375,$ Per Bushel
2026-02-20,Corn,Michigan,,Truck,4.2235,4.1075,4.3375,$ Per Bushel
2026-02-20,Corn,Minnesota,,Truck,3.9175,3.7975,4.0375,$ Per Bushel
2026-02-20,Corn,Missouri,,Truck,4.0925,4.0175,4.2375,$ Per Bushel
2026-02-20,Corn,Nebraska,,Truck,4.0044,3.8775,4.1575,$ Per Bushel
2026-02-20,Corn,Ohio,,Truck,4.4975,4.4575,4.5575,$ Per Bushel
2026-02-20,Corn,South Dakota,,Truck,3.715,3.6375,3.9075,$ Per Bushel
2026-02-20,Corn,Wisconsin,,Truck,3.9315,3.8375,4.0575,$ Per Bushel
2026-02-23,Corn,Illinois,,Truck,4.3211,4.175,4.5475,$ Per Bushel
2026-02-23,Corn,Indiana,,Truck,4.4042,4.255,4.5775,$ Per Bushel
2026-02-23,Corn,Iowa,,Truck,4.0658,3.945,4.175,$ Per Bushel
2026-02-23,Corn,Kansas,,Truck,4.1775,3.875,4.355,$ Per Bushel
2026-02-23,Corn,Michigan,,Truck,4.241,4.125,4.355,$ Per Bushel
2026-02-23,Corn,Minnesota,,Truck,3.935,3.815,4.055,$ Per Bushel
2026-02-23,Corn,Missouri,,Truck,4.11,4.035,4.255,$ Per Bushel
2026-02-23,Corn,Nebraska,,Truck,4.0219,3.895,4.175,$ Per Bushel
2026-02-23,Corn,Ohio,,Truck,4.515,4.475,4.575,$ Per Bushel
2026-02-23,Corn,South Dakota,,Truck,3.7342,3.655,3.925,$ Per Bushel
2026-02-23,Corn,Wisconsin,,Truck,3.953,3.855,4.075,$ Per Bushel
2026-02-24,Corn,Illinois,,Truck,4.3218,4.175,4.5525,$ Per Bushel
2026-02-24,Corn,Indiana,,Truck,4.4,4.255,4.5825,$ Per Bushel
2026-02-24,Corn,Iowa,,Truck,4.0724,3.945,4.195,$ Per Bushel
2026-02-24,Corn,Kansas,,Truck,4.1775,3.875,4.355,$ Per Bushel
2026-02-24,Corn,Michigan,,Truck,4.235,4.125,4.325,$ Per Bushel
2026-02-24,Corn,Minnesota,,Truck,3.945,3.815,4.055,$ Per Bushel
2026-02-24,Corn,Missouri,,Truck,4.11,4.035,4.255,$ Per Bushel
2026-02-24,Corn,Nebraska,,Truck,4.0294,3.895,4.225,$ Per Bushel
2026-02-24,Corn,Ohio,,Truck,4.5317,4.475,4.575,$ Per Bushel
2026-02-24,Corn,South Dakota,,Truck,3.7425,3.675,3.955,$ Per Bushel
2026-02-24,Corn,Wisconsin,,Truck,3.953,3.855,4.075,$ Per Bushel
2026-02-25,Corn,Illinois,,Truck,4.3282,4.1775,4.5575,$ Per Bushel
2026-02-25,Corn,Indiana,,Truck,4.4003,4.2775,4.565,$ Per Bushel
2026-02-25,Corn,Iowa,,Truck,4.1506,4.0675,4.2175,$ Per Bushel
2026-02-25,Corn,Kansas,,Truck,4.18,3.8775,4.3575,$ Per Bushel
2026-02-25,Corn,Michigan,,Truck,4.2375,4.1275,4.3275,$ Per Bushel
2026-02-25,Corn,Minnesota,,Truck,3.9475,3.8175,4.0575,$ Per Bushel
2026-02-25,Corn,Missouri,,Truck,4.1175,4.0375,4.2575,$ Per Bushel
2026-02-25,Corn,Nebraska,,Truck,4.0283,3.8975,4.2275,$ Per Bushel
2026-02-25,Corn,Ohio,,Truck,4.5342,4.4775,4.5775,$ Per Bushel
2026-02-25,Corn,South Dakota,,Truck,3.7565,3.6775,3.9775,$ Per Bushel
2026-02-25,Corn,Wisconsin,,Truck,3.9555,3.8575,4.0775,$ Per Bushel
2026-02-26,Corn,Illinois,,Truck,4.3607,4.205,4.605,$ Per Bushel
2026-02-26,Corn,Indiana,,Truck,4.4333,4.305,4.6,$ Per Bushel
2026-02-26,Corn,Iowa,,Truck,4.1066,3.97,4.22,$ Per Bushel
2026-02-26,Corn,Kansas,,Truck,4.2113,3.905,4.385,$ Per Bushel
2026-02-26,Corn,Michigan,,Truck,4.265,4.155,4.355,$ Per Bushel
2026-02-26,Corn,Minnesota,,Truck,3.9708,3.86,4.045,$ Per Bushel
2026-02-26,Corn,Missouri,,Truck,4.165,4.115,4.285,$ Per Bushel
2026-02-26,Corn,Nebraska,,Truck,4.0594,3.92,4.255,$ Per Bushel
2026-02-26,Corn,Ohio,,Truck,4.57,4.505,4.655,$ Per Bushel
2026-02-26,Corn,South Dakota,,Truck,3.7804,3.705,4.005,$ Per Bushel
2026-02-26,Corn,Wisconsin,,Truck,3.986,3.885,4.105,$ Per Bushel
2026-02-27,Corn,Illinois,,Truck,4.3793,4.2325,4.585,$ Per Bushel
2026-02-27,Corn,Indiana,,Truck,4.4633,4.3325,4.615,$ Per Bushel
2026-02-27,Corn,Iowa,,Truck,4.1268,3.985,4.235,$ Per Bushel
2026-02-27,Corn,Kansas,,Truck,4.2488,3.985,4.4125,$ Per Bushel
2026-02-27,Corn,Michigan,,Truck,4.3035,4.2325,4.385,$ Per Bushel
2026-02-27,Corn,Minnesota,,Truck,3.9925,3.875,4.075,$ Per Bushel
2026-02-27,Corn,Missouri,,Truck,4.2063,4.1525,4.335,$ Per Bushel
2026-02-27,Corn,Nebraska,,Truck,4.0866,3.935,4.2825,$ Per Bushel
2026-02-27,Corn,Ohio,,Truck,4.6067,4.5325,4.6825,$ Per Bushel
2026-02-27,Corn,South Dakota,,Truck,3.819,3.735,4.0325,$ Per Bushel
2026-02-27,Corn,Wisconsin,,Truck,4.0115,3.9125,4.135,$ Per Bushel
2026-03-02,Corn,Illinois,,Truck,4.4321,4.2875,4.6375,$ Per Bushel
2026-03-02,Corn,Indiana,,Truck,4.5144,4.3875,4.665,$ Per Bushel
2026-03-02,Corn,Iowa,,Truck,4.1784,4.035,4.285,$ Per Bushel
2026-03-02,Corn,Kansas,,Truck,4.3013,4.035,4.4675,$ Per Bushel
2026-03-02,Corn,Michigan,,Truck,4.3565,4.285,4.435,$ Per Bushel
2026-03-02,Corn,Minnesota,,Truck,4.0442,3.925,4.125,$ Per Bushel
2026-03-02,Corn,Missouri,,Truck,4.2588,4.205,4.385,$ Per Bushel
2026-03-02,Corn,Nebraska,,Truck,4.1384,3.985,4.3375,$ Per Bushel
2026-03-02,Corn,Ohio,,Truck,4.66,4.5875,4.7375,$ Per Bushel
2026-03-02,Corn,South Dakota,,Truck,3.871,3.785,4.0875,$ Per Bushel
2026-03-02,Corn,Wisconsin,,Truck,4.0645,3.9675,4.185,$ Per Bushel
2026-03-03,Corn,Illinois,,Truck,4.4475,4.3175,4.6975,$ Per Bushel
2026-03-03,Corn,Indiana,,Truck,4.4919,4.3475,4.6575,$ Per Bushel
2026-03-03,Corn,Iowa,,Truck,4.1541,4.0025,4.2375,$ Per Bushel
2026-03-03,Corn,Kansas,,Truck,4.29,4.0075,4.4575,$ Per Bushel
2026-03-03,Corn,Michigan,,Truck,4.3235,4.2325,4.4075,$ Per Bushel
2026-03-03,Corn,Minnesota,,Truck,4.0142,3.9175,4.0975,$ Per Bushel
2026-03-03,Corn,Missouri,,Truck,4.21,4.1575,4.3275,$ Per Bushel
2026-03-03,Corn,Nebraska,,Truck,4.1075,3.9575,4.2675,$ Per Bushel
2026-03-03,Corn,Ohio,,Truck,4.6175,4.5075,4.7075,$ Per Bushel
2026-03-03,Corn,South Dakota,,Truck,3.8667,3.7575,4.0475,$ Per Bushel
2026-03-03,Corn,Wisconsin,,Truck,4.0775,3.9975,4.1875,$ Per Bushel
2026-03-04,Corn,Illinois,,Truck,4.4521,4.325,4.705,$ Per Bushel
2026-03-04,Corn,Indiana,,Truck,4.5028,4.355,4.665,$ Per Bushel
2026-03-04,Corn,Iowa,,Truck,4.1666,4.045,4.265,$ Per Bushel
2026-03-04,Corn,Kansas,,Truck,4.2975,4.015,4.465,$ Per Bushel
2026-03-04,Corn,Michigan,,Truck,4.332,4.2425,4.415,$ Per Bushel
2026-03-04,Corn,Minnesota,,Truck,4.0,3.875,4.125,$ Per Bushel
2026-03-04,Corn,Missouri,,Truck,4.225,4.165,4.335,$ Per Bushel
2026-03-04,Corn,Nebraska,,Truck,4.1144,3.965,4.275,$ Per Bushel
2026-03-04,Corn,Ohio,,Truck,4.625,4.515,4.715,$ Per Bushel
2026-03-04,Corn,South Dakota,,Truck,3.8692,3.765,4.055,$ Per Bushel
2026-03-04,Corn,Wisconsin,,Truck,4.081,4.005,4.195,$ Per Bushel
2026-03-05,Corn,Illinois,,Truck,4.4246,4.2975,4.6775,$ Per Bushel
2026-03-05,Corn,Indiana,,Truck,4.4753,4.3275,4.6375,$ Per Bushel
2026-03-05,Corn,Iowa,,Truck,4.209,4.1375,4.2875,$ Per Bushel
2026-03-05,Corn,Kansas,,Truck,4.27,3.9875,4.4375,$ Per Bushel
2026-03-05,Corn,Michigan,,Truck,4.3055,4.2175,4.3875,$ Per Bushel
2026-03-05,Corn,Minnesota,,Truck,3.9725,3.8475,4.0975,$ Per Bushel
2026-03-05,Corn,Missouri,,Truck,4.1975,4.1375,4.3075,$ Per Bushel
2026-03-05,Corn,Nebraska,,Truck,4.0869,3.9375,4.2475,$ Per Bushel
2026-03-05,Corn,Ohio,,Truck,4.5975,4.4875,4.6875,$ Per Bushel
2026-03-05,Corn,South Dakota,,Truck,3.8417,3.7375,4.0275,$ Per Bushel
2026-03-05,Corn,Wisconsin,,Truck,4.0535,3.9775,4.1675,$ Per Bushel
2026-03-06,Corn,Illinois,,Truck,4.5179,4.395,4.735,$ Per Bushel
2026-03-06,Corn,Indiana,,Truck,4.5717,4.435,4.735,$ Per Bushel
2026-03-06,Corn,Iowa,,Truck,4.305,4.235,4.405,$ Per Bushel
2026-03-06,Corn,Kansas,,Truck,4.365,4.085,4.505,$ Per Bushel
2026-03-06,Corn,Michigan,,Truck,4.431,4.335,4.535,$ Per Bushel
2026-03-06,Corn,Minnesota,,Truck,4.065,3.945,4.195,$ Per Bushel
2026-03-06,Corn,Missouri,,Truck,4.315,4.285,4.405,$ Per Bushel
2026-03-06,Corn,Nebraska,,Truck,4.1863,4.035,4.345,$ Per Bushel
2026-03-06,Corn,Ohio,,Truck,4.7033,4.635,4.785,$ Per Bushel
2026-03-06,Corn,South Dakota,,Truck,3.9432,3.855,4.145,$ Per Bushel
2026-03-06,Corn,Wisconsin,,Truck,4.147,4.065,4.265,$ Per Bushel
2026-03-09,Corn,Illinois,,Truck,4.5679,4.465,4.785,$ Per Bushel
2026-03-09,Corn,Indiana,,Truck,4.6417,4.495,4.805,$ Per Bushel
2026-03-09,Corn,Iowa,,Truck,4.285,4.185,4.375,$ Per Bushel
2026-03-09,Corn,Kansas,,Truck,4.4275,4.155,4.575,$ Per Bushel
2026-03-09,Corn,Michigan,,Truck,4.501,4.405,4.605,$ Per Bushel
2026-03-09,Corn,Minnesota,,Truck,4.1317,3.995,4.265,$ Per Bushel
2026-03-09,Corn,Missouri,,Truck,4.355,4.325,4.405,$ Per Bushel
2026-03-09,Corn,Nebraska,,Truck,4.2475,4.085,4.415,$ Per Bushel
2026-03-09,Corn,Ohio,,Truck,4.7733,4.705,4.855,$ Per Bushel
2026-03-09,Corn,South Dakota,,Truck,4.005,3.925,4.195,$ Per Bushel
2026-03-09,Corn,Wisconsin,,Truck,4.217,4.135,4.335,$ Per Bushel
2026-03-10,Corn,Illinois,,Truck,4.4832,4.3775,4.6875,$ Per Bushel
2026-03-10,Corn,Indiana,,Truck,4.5631,4.4275,4.7175,$ Per Bushel
2026-03-10,Corn,Iowa,,Truck,4.289,4.2375,4.4075,$ Per Bushel
2026-03-10,Corn,Kansas,,Truck,4.36,4.0875,4.5075,$ Per Bushel
2026-03-10,Corn,Michigan,,Truck,4.4235,4.3375,4.4875,$ Per Bushel
2026-03-10,Corn,Minnesota,,Truck,4.0608,3.9275,4.1775,$ Per Bushel
2026-03-10,Corn,Missouri,,Truck,4.2875,4.2575,4.3375,$ Per Bushel
2026-03-10,Corn,Nebraska,,Truck,4.1663,4.0175,4.3275,$ Per Bushel
2026-03-10,Corn,Ohio,,Truck,4.6892,4.5875,4.7875,$ Per Bushel
2026-03-10,Corn,South Dakota,,Truck,3.9342,3.8375,4.1175,$ Per Bushel
2026-03-10,Corn,Wisconsin,,Truck,4.1455,4.0475,4.2675,$ Per Bushel
2026-03-11,Corn,Illinois,,Truck,4.4711,4.3425,4.6725,$ Per Bushel
2026-03-11,Corn,Indiana,,Truck,4.5436,4.4125,4.7025,$ Per Bushel
2026-03-11,Corn,Iowa,,Truck,4.2054,4.0725,4.3025,$ Per Bushel
2026-03-11,Corn,Kansas,,Truck,4.3475,4.0725,4.4925,$ Per Bushel
2026-03-11,Corn,Michigan,,Truck,4.4085,4.3225,4.4725,$ Per Bushel
2026-03-11,Corn,Minnesota,,Truck,4.0508,3.9125,4.1625,$ Per Bushel
2026-03-11,Corn,Missouri,,Truck,4.2675,4.2425,4.3225,$ Per Bushel
2026-03-11,Corn,Nebraska,,Truck,4.1456,4.0025,4.3125,$ Per Bushel
2026-03-11,Corn,Ohio,,Truck,4.6692,4.5725,4.7725,$ Per Bushel
2026-03-11,Corn,South Dakota,,Truck,3.92,3.8225,4.1025,$ Per Bushel
2026-03-11,Corn,Wisconsin,,Truck,4.1265,4.0225,4.2325,$ Per Bushel
2026-03-12,Corn,Illinois,,Truck,4.5539,4.4225,4.7525,$ Per Bushel
2026-03-12,Corn,Indiana,,Truck,4.6203,4.4925,4.7825,$ Per Bushel
2026-03-12,Corn,Iowa,,Truck,4.2854,4.1525,4.4025,$ Per Bushel
2026-03-12,Corn,Kansas,,Truck,4.4275,4.1525,4.5725,$ Per Bushel
2026-03-12,Corn,Michigan,,Truck,4.4885,4.4025,4.5525,$ Per Bushel
2026-03-12,Corn,Minnesota,,Truck,4.1242,3.9925,4.2425,$ Per Bushel
2026-03-12,Corn,Missouri,,Truck,4.34,4.3025,4.4025,$ Per Bushel
2026-03-12,Corn,Nebraska,,Truck,4.2313,4.1225,4.3925,$ Per Bushel
2026-03-12,Corn,Ohio,,Truck,4.7408,4.6525,4.8025,$ Per Bushel
2026-03-12,Corn,South Dakota,,Truck,4.0008,3.9025,4.1825,$ Per Bushel
2026-03-12,Corn,Wisconsin,,Truck,4.2065,4.1025,4.3125,$ Per Bushel
2026-03-13,Corn,Illinois,,Truck,4.5736,4.445,4.785,$ Per Bushel
2026-03-13,Corn,Indiana,,Truck,4.6361,4.515,4.805,$ Per Bushel
2026-03-13,Corn,Iowa,,Truck,4.3742,4.325,4.485,$ Per Bushel
2026-03-13,Corn,Kansas,,Truck,4.45,4.175,4.595,$ Per Bushel
2026-03-13,Corn,Michigan,,Truck,4.497,4.425,4.575,$ Per Bushel
2026-03-13,Corn,Minnesota,,Truck,4.1383,3.995,4.265,$ Per Bushel
2026-03-13,Corn,Missouri,,Truck,4.37,4.325,4.425,$ Per Bushel
2026-03-13,Corn,Nebraska,,Truck,4.2513,4.145,4.425,$ Per Bushel
2026-03-13,Corn,Ohio,,Truck,4.7633,4.675,4.825,$ Per Bushel
2026-03-13,Corn,South Dakota,,Truck,4.0183,3.925,4.175,$ Per Bushel
2026-03-13,Corn,Wisconsin,,Truck,4.227,4.115,4.335,$ Per Bushel
2026-03-16,Corn,Illinois,,Truck,4.6254,4.4925,4.8325,$ Per Bushel
2026-03-16,Corn,Indiana,,Truck,4.6947,4.5725,4.8525,$ Per Bushel
2026-03-16,Corn,Iowa,,Truck,4.349,4.2225,4.4525,$ Per Bushel
2026-03-16,Corn,Kansas,,Truck,4.4975,4.2225,4.6425,$ Per Bushel
2026-03-16,Corn,Michigan,,Truck,4.5445,4.4725,4.6225,$ Per Bushel
2026-03-16,Corn,Minnesota,,Truck,4.1858,4.0425,4.3125,$ Per Bushel
2026-03-16,Corn,Missouri,,Truck,4.4175,4.3725,4.4725,$ Per Bushel
2026-03-16,Corn,Nebraska,,Truck,4.2994,4.1825,4.4725,$ Per Bushel
2026-03-16,Corn,Ohio,,Truck,4.8108,4.7225,4.8725,$ Per Bushel
2026-03-16,Corn,South Dakota,,Truck,4.065,3.9725,4.2225,$ Per Bushel
2026-03-16,Corn,Wisconsin,,Truck,4.2785,4.1625,4.3825,$ Per Bushel
2026-03-17,Corn,Illinois,,Truck,4.49,4.36,4.7,$ Per Bushel
2026-03-17,Corn,Indiana,,Truck,4.5622,4.44,4.72,$ Per Bushel
2026-03-17,Corn,Iowa,,Truck,4.2877,4.24,4.41,$ Per Bushel
2026-03-17,Corn,Kansas,,Truck,4.365,4.09,4.51,$ Per Bushel
2026-03-17,Corn,Michigan,,Truck,4.412,4.34,4.49,$ Per Bushel
2026-03-17,Corn,Minnesota,,Truck,4.0533,3.91,4.18,$ Per Bushel
2026-03-17,Corn,Missouri,,Truck,4.305,4.24,4.35,$ Per Bushel
2026-03-17,Corn,Nebraska,,Truck,4.1669,4.05,4.34,$ Per Bushel
2026-03-17,Corn,Ohio,,Truck,4.6833,4.59,4.74,$ Per Bushel
2026-03-17,Corn,South Dakota,,Truck,3.9358,3.86,4.09,$ Per Bushel
2026-03-17,Corn,Wisconsin,,Truck,4.146,4.03,4.25,$ Per Bushel
2026-03-18,Corn,Illinois,,Truck,4.4943,4.36,4.7,$ Per Bushel
2026-03-18,Corn,Indiana,,Truck,4.5589,4.44,4.69,$ Per Bushel
2026-03-18,Corn,Iowa,,Truck,4.2324,4.09,4.36,$ Per Bushel
2026-03-18,Corn,Kansas,,Truck,4.365,4.09,4.51,$ Per Bushel
2026-03-18,Corn,Michigan,,Truck,4.412,4.34,4.49,$ Per Bushel
2026-03-18,Corn,Minnesota,,Truck,4.06,3.96,4.18,$ Per Bushel
2026-03-18,Corn,Missouri,,Truck,4.32,4.21,4.38,$ Per Bushel
2026-03-18,Corn,Nebraska,,Truck,4.1681,4.05,4.34,$ Per Bushel
2026-03-18,Corn,Ohio,,Truck,4.6833,4.59,4.74,$ Per Bushel
2026-03-18,Corn,South Dakota,,Truck,3.9367,3.86,4.09,$ Per Bushel
2026-03-18,Corn,Wisconsin,,Truck,4.146,4.03,4.25,$ Per Bushel
2026-03-19,Corn,Illinois,,Truck,4.5896,4.4525,4.7925,$ Per Bushel
2026-03-19,Corn,Indiana,,Truck,4.6514,4.5325,4.7825,$ Per Bushel
2026-03-19,Corn,Iowa,,Truck,4.3249,4.1825,4.4525,$ Per Bushel
2026-03-19,Corn,Kansas,,Truck,4.4575,4.1825,4.6025,$ Per Bushel
2026-03-19,Corn,Michigan,,Truck,4.5045,4.4325,4.5825,$ Per Bushel
2026-03-19,Corn,Minnesota,,Truck,4.1575,4.0525,4.2725,$ Per Bushel
2026-03-19,Corn,Missouri,,Truck,4.4025,4.3025,4.4525,$ Per Bushel
2026-03-19,Corn,Nebraska,,Truck,4.2594,4.1325,4.4325,$ Per Bushel
2026-03-19,Corn,Ohio,,Truck,4.7775,4.6825,4.8325,$ Per Bushel
2026-03-19,Corn,South Dakota,,Truck,4.0367,3.9725,4.1925,$ Per Bushel
2026-03-19,Corn,Wisconsin,,Truck,4.2505,4.1225,4.4025,$ Per Bushel
2026-03-20,Corn,Illinois,,Truck,4.6575,4.5175,4.8775,$ Per Bushel
2026-03-20,Corn,Indiana,,Truck,4.7142,4.5775,4.8475,$ Per Bushel
2026-03-20,Corn,Iowa,,Truck,4.3922,4.2475,4.5175,$ Per Bushel
2026-03-20,Corn,Kansas,,Truck,4.5225,4.2475,4.6675,$ Per Bushel
2026-03-20,Corn,Michigan,,Truck,4.5695,4.4975,4.6475,$ Per Bushel
2026-03-20,Corn,Minnesota,,Truck,4.2242,4.1175,4.3775,$ Per Bushel
2026-03-20,Corn,Missouri,,Truck,4.455,4.3375,4.4975,$ Per Bushel
2026-03-20,Corn,Nebraska,,Truck,4.3188,4.1875,4.4975,$ Per Bushel
2026-03-20,Corn,Ohio,,Truck,4.8508,4.7475,4.9475,$ Per Bushel
2026-03-20,Corn,South Dakota,,Truck,4.1,4.0375,4.2475,$ Per Bushel
2026-03-20,Corn,Wisconsin,,Truck,4.3295,4.1875,4.4675,$ Per Bushel
2026-03-23,Corn,Illinois,,Truck,4.6179,4.495,4.835,$ Per Bushel
2026-03-23,Corn,Indiana,,Truck,4.6717,4.535,4.805,$ Per Bushel
2026-03-23,Corn,Iowa,,Truck,4.3497,4.205,4.475,$ Per Bushel
2026-03-23,Corn,Kansas,,Truck,4.4675,4.205,4.625,$ Per Bushel
2026-03-23,Corn,Michigan,,Truck,4.507,4.355,4.605,$ Per Bushel
2026-03-23,Corn,Minnesota,,Truck,4.1817,4.075,4.335,$ Per Bushel
2026-03-23,Corn,Missouri,,Truck,4.4125,4.295,4.455,$ Per Bushel
2026-03-23,Corn,Nebraska,,Truck,4.2775,4.145,4.475,$ Per Bushel
2026-03-23,Corn,Ohio,,Truck,4.8083,4.705,4.905,$ Per Bushel
2026-03-23,Corn,South Dakota,,Truck,4.0575,3.995,4.205,$ Per Bushel
2026-03-23,Corn,Wisconsin,,Truck,4.281,4.145,4.395,$ Per Bushel
2026-03-24,Corn,Illinois,,Truck,4.5607,4.435,4.795,$ Per Bushel
2026-03-24,Corn,Indiana,,Truck,4.6117,4.475,4.745,$ Per Bushel
2026-03-24,Corn,Iowa,,Truck,4.3612,4.295,4.495,$ Per Bushel
2026-03-24,Corn,Kansas,,Truck,4.4075,4.145,4.565,$ Per Bushel
2026-03-24,Corn,Michigan,,Truck,4.447,4.295,4.545,$ Per Bushel
2026-03-24,Corn,Minnesota,,Truck,4.1217,4.015,4.275,$ Per Bushel
2026-03-24,Corn,Missouri,,Truck,4.3525,4.235,4.395,$ Per Bushel
2026-03-24,Corn,Nebraska,,Truck,4.2175,4.085,4.415,$ Per Bushel
2026-03-24,Corn,Ohio,,Truck,4.7483,4.645,4.845,$ Per Bushel
2026-03-24,Corn,South Dakota,,Truck,3.9983,3.935,4.145,$ Per Bushel
2026-03-24,Corn,Wisconsin,,Truck,4.221,4.085,4.335,$ Per Bushel
2026-03-25,Corn,Illinois,,Truck,4.6021,4.475,4.865,$ Per Bushel
2026-03-25,Corn,Indiana,,Truck,4.6417,4.505,4.775,$ Per Bushel
2026-03-25,Corn,Iowa,,Truck,4.3221,4.175,4.465,$ Per Bushel
2026-03-25,Corn,Kansas,,Truck,4.4375,4.175,4.595,$ Per Bushel
2026-03-25,Corn,Michigan,,Truck,4.477,4.325,4.575,$ Per Bushel
2026-03-25,Corn,Minnesota,,Truck,4.145,4.005,4.305,$ Per Bushel
2026-03-25,Corn,Missouri,,Truck,4.3825,4.265,4.425,$ Per Bushel
2026-03-25,Corn,Nebraska,,Truck,4.2525,4.115,4.445,$ Per Bushel
2026-03-25,Corn,Ohio,,Truck,4.7783,4.675,4.875,$ Per Bushel
2026-03-25,Corn,South Dakota,,Truck,4.0233,3.925,4.175,$ Per Bushel
2026-03-25,Corn,Wisconsin,,Truck,4.251,4.115,4.365,$ Per Bushel
2026-03-26,Corn,Illinois,,Truck,4.6582,4.5225,4.9125,$ Per Bushel
2026-03-26,Corn,Indiana,,Truck,4.6914,4.5525,4.8425,$ Per Bushel
2026-03-26,Corn,Iowa,,Truck,4.4379,4.3725,4.5725,$ Per Bushel
2026-03-26,Corn,Kansas,,Truck,4.485,4.2225,4.6425,$ Per Bushel
2026-03-26,Corn,Michigan,,Truck,4.5245,4.3725,4.6225,$ Per Bushel
2026-03-26,Corn,Minnesota,,Truck,4.1958,4.0525,4.3525,$ Per Bushel
2026-03-26,Corn,Missouri,,Truck,4.4275,4.3025,4.4725,$ Per Bushel
2026-03-26,Corn,Nebraska,,Truck,4.3013,4.1625,4.4525,$ Per Bushel
2026-03-26,Corn,Ohio,,Truck,4.8258,4.7225,4.9225,$ Per Bushel
2026-03-26,Corn,South Dakota,,Truck,4.0742,3.9725,4.2225,$ Per Bushel
2026-03-26,Corn,Wisconsin,,Truck,4.2925,4.1625,4.4025,$ Per Bushel
2026-03-27,Corn,Illinois,,Truck,4.6643,4.52,4.93,$ Per Bushel
2026-03-27,Corn,Indiana,,Truck,4.7089,4.55,4.92,$ Per Bushel
2026-03-27,Corn,Iowa,,Truck,4.3641,4.22,4.5,$ Per Bushel
2026-03-27,Corn,Kansas,,Truck,4.4825,4.22,4.64,$ Per Bushel
2026-03-27,Corn,Michigan,,Truck,4.542,4.47,4.62,$ Per Bushel
2026-03-27,Corn,Minnesota,,Truck,4.1967,4.05,4.35,$ Per Bushel
2026-03-27,Corn,Missouri,,Truck,4.425,4.3,4.47,$ Per Bushel
2026-03-27,Corn,Nebraska,,Truck,4.3025,4.16,4.45,$ Per Bushel
2026-03-27,Corn,Ohio,,Truck,4.8233,4.72,4.92,$ Per Bushel
2026-03-27,Corn,South Dakota,,Truck,4.0642,3.89,4.22,$ Per Bushel
2026-03-27,Corn,Wisconsin,,Truck,4.29,4.16,4.4,$ Per Bushel
2026-03-30,Corn,Illinois,,Truck,4.6186,4.47,4.9,$ Per Bushel
2026-03-30,Corn,Indiana,,Truck,4.6756,4.5,4.94,$ Per Bushel
2026-03-30,Corn,Iowa,,Truck,4.3171,4.17,4.45,$ Per Bushel
2026-03-30,Corn,Kansas,,Truck,4.4325,4.17,4.59,$ Per Bushel
2026-03-30,Corn,Michigan,,Truck,4.496,4.42,4.6,$ Per Bushel
2026-03-30,Corn,Minnesota,,Truck,4.1467,4.0,4.3,$ Per Bushel
2026-03-30,Corn,Missouri,,Truck,4.375,4.25,4.42,$ Per Bushel
2026-03-30,Corn,Nebraska,,Truck,4.2594,4.11,4.4,$ Per Bushel
2026-03-30,Corn,Ohio,,Truck,4.7817,4.67,4.87,$ Per Bushel
2026-03-30,Corn,South Dakota,,Truck,4.0142,3.84,4.17,$ Per Bushel
2026-03-30,Corn,Wisconsin,,Truck,4.24,4.11,4.35,$ Per Bushel
2026-03-31,Corn,Illinois,,Truck,4.5646,4.4375,4.8375,$ Per Bushel
2026-03-31,Corn,Indiana,,Truck,4.6219,4.4375,4.8775,$ Per Bushel
2026-03-31,Corn,Iowa,,Truck,4.2616,4.1075,4.3875,$ Per Bushel
2026-03-31,Corn,Kansas,,Truck,4.37,4.1075,4.5275,$ Per Bushel
2026-03-31,Corn,Michigan,,Truck,4.4335,4.3575,4.5375,$ Per Bushel
2026-03-31,Corn,Minnesota,,Truck,4.0842,3.9375,4.2375,$ Per Bushel
2026-03-31,Corn,Missouri,,Truck,4.3125,4.1875,4.3575,$ Per Bushel
2026-03-31,Corn,Nebraska,,Truck,4.2031,4.0475,4.3375,$ Per Bushel
2026-03-31,Corn,Ohio,,Truck,4.7192,4.6075,4.8075,$ Per Bushel
2026-03-31,Corn,South Dakota,,Truck,3.9533,3.7775,4.1075,$ Per Bushel
2026-03-31,Corn,Wisconsin,,Truck,4.1775,4.0475,4.2875,$ Per Bushel
2026-04-01,Corn,Illinois,,Truck,4.5846,4.4575,4.8575,$ Per Bushel
2026-04-01,Corn,Indiana,,Truck,4.6386,4.4575,4.8975,$ Per Bushel
2026-04-01,Corn,Iowa,,Truck,4.2828,4.1275,4.4075,$ Per Bushel
2026-04-01,Corn,Kansas,,Truck,4.39,4.1275,4.5475,$ Per Bushel
2026-04-01,Corn,Michigan,,Truck,4.4535,4.3775,4.5575,$ Per Bushel
2026-04-01,Corn,Minnesota,,Truck,4.1042,3.9575,4.2575,$ Per Bushel
2026-04-01,Corn,Missouri,,Truck,4.3175,4.1875,4.3775,$ Per Bushel
2026-04-01,Corn,Nebraska,,Truck,4.2306,4.0675,4.3575,$ Per Bushel
2026-04-01,Corn,Ohio,,Truck,4.7392,4.6275,4.8275,$ Per Bushel
2026-04-01,Corn,South Dakota,,Truck,3.9817,3.8775,4.1275,$ Per Bushel
2026-04-01,Corn,Wisconsin,,Truck,4.2135,4.0675,4.3075,$ Per Bushel
2026-04-02,Corn,Illinois,,Truck,4.5596,4.4225,4.8225,$ Per Bushel
2026-04-02,Corn,Indiana,,Truck,4.6147,4.4925,4.8425,$ Per Bushel
2026-04-02,Corn,Iowa,,Truck,4.2619,4.0925,4.3925,$ Per Bushel
2026-04-02,Corn,Kansas,,Truck,4.395,4.0925,4.5325,$ Per Bushel
2026-04-02,Corn,Michigan,,Truck,4.4345,4.3425,4.5225,$ Per Bushel
2026-04-02,Corn,Minnesota,,Truck,4.0808,3.9625,4.2225,$ Per Bushel
2026-04-02,Corn,Missouri,,Truck,4.295,4.1525,4.3925,$ Per Bushel
2026-04-02,Corn,Nebraska,,Truck,4.2275,4.0925,4.3625,$ Per Bushel
2026-04-02,Corn,Ohio,,Truck,4.7075,4.5925,4.7925,$ Per Bushel
2026-04-02,Corn,South Dakota,,Truck,3.965,3.8425,4.0925,$ Per Bushel
2026-04-02,Corn,Wisconsin,,Truck,4.1865,4.0725,4.2725,$ Per Bushel
2026-04-03,Corn,Illinois,,Truck,4.5354,4.4025,4.8025,$ Per Bushel
2026-04-03,Corn,Indiana,,Truck,4.6114,4.4725,4.8225,$ Per Bushel
2026-04-03,Corn,Iowa,,Truck,4.2501,4.0725,4.4025,$ Per Bushel
2026-04-03,Corn,Kansas,,Truck,4.3625,4.0725,4.5225,$ Per Bushel
2026-04-03,Corn,Michigan,,Truck,4.4145,4.3225,4.5025,$ Per Bushel
2026-04-03,Corn,Minnesota,,Truck,4.0642,3.9425,4.2025,$ Per Bushel
2026-04-03,Corn,Missouri,,Truck,4.275,4.1325,4.3725,$ Per Bushel
2026-04-03,Corn,Nebraska,,Truck,4.2144,4.0725,4.3425,$ Per Bushel
2026-04-03,Corn,Ohio,,Truck,4.6875,4.5725,4.7725,$ Per Bushel
2026-04-03,Corn,South Dakota,,Truck,3.9483,3.8225,4.0725,$ Per Bushel
2026-04-03,Corn,Wisconsin,,Truck,4.1745,4.0525,4.2725,$ Per Bushel
2026-04-06,Corn,Illinois,,Truck,4.5382,4.4025,4.8025,$ Per Bushel
2026-04-06,Corn,Indiana,,Truck,4.6114,4.4725,4.8225,$ Per Bushel
2026-04-06,Corn,Iowa,,Truck,4.3087,4.2125,4.4425,$ Per Bushel
2026-04-06,Corn,Kansas,,Truck,4.3425,4.0725,4.5125,$ Per Bushel
2026-04-06,Corn,Michigan,,Truck,4.4045,4.2725,4.5025,$ Per Bushel
2026-04-06,Corn,Minnesota,,Truck,4.0642,3.9425,4.2025,$ Per Bushel
2026-04-06,Corn,Missouri,,Truck,4.275,4.1325,4.3725,$ Per Bushel
2026-04-06,Corn,Nebraska,,Truck,4.2143,4.0725,4.3425,$ Per Bushel
2026-04-06,Corn,Ohio,,Truck,4.6958,4.6225,4.7725,$ Per Bushel
2026-04-06,Corn,South Dakota,,Truck,3.9533,3.8725,4.0925,$ Per Bushel
2026-04-06,Corn,Wisconsin,,Truck,4.1745,4.0525,4.2725,$ Per Bushel
2026-04-07,Corn,Illinois,,Truck,4.5514,4.42,4.82,$ Per Bushel
2026-04-07,Corn,Indiana,,Truck,4.6289,4.49,4.84,$ Per Bushel
2026-04-07,Corn,Iowa,,Truck,4.3354,4.23,4.46,$ Per Bushel
2026-04-07,Corn,Kansas,,Truck,4.36,4.09,4.53,$ Per Bushel
2026-04-07,Corn,Michigan,,Truck,4.432,4.29,4.52,$ Per Bushel
2026-04-07,Corn,Minnesota,,Truck,4.085,3.96,4.22,$ Per Bushel
2026-04-07,Corn,Missouri,,Truck,4.325,4.19,4.39,$ Per Bushel
2026-04-07,Corn,Nebraska,,Truck,4.2376,4.09,4.36,$ Per Bushel
2026-04-07,Corn,Ohio,,Truck,4.7217,4.64,4.84,$ Per Bushel
2026-04-07,Corn,South Dakota,,Truck,3.9742,3.89,4.13,$ Per Bushel
2026-04-07,Corn,Wisconsin,,Truck,4.192,4.07,4.29,$ Per Bushel
2026-04-08,Corn,Illinois,,Truck,4.5114,4.37,4.77,$ Per Bushel
2026-04-08,Corn,Indiana,,Truck,4.5844,4.44,4.84,$ Per Bushel
2026-04-08,Corn,Iowa,,Truck,4.2388,4.09,4.39,$ Per Bushel
2026-04-08,Corn,Kansas,,Truck,4.31,4.04,4.48,$ Per Bushel
2026-04-08,Corn,Michigan,,Truck,4.382,4.24,4.47,$ Per Bushel
2026-04-08,Corn,Minnesota,,Truck,4.04,3.91,4.17,$ Per Bushel
2026-04-08,Corn,Missouri,,Truck,4.29,4.2,4.34,$ Per Bushel
2026-04-08,Corn,Nebraska,,Truck,4.1912,4.04,4.3,$ Per Bushel
2026-04-08,Corn,Ohio,,Truck,4.6717,4.59,4.79,$ Per Bushel
2026-04-08,Corn,South Dakota,,Truck,3.935,3.85,4.08,$ Per Bushel
2026-04-08,Corn,Wisconsin,,Truck,4.142,4.02,4.24,$ Per Bushel
2026-04-09,Corn,Illinois,,Truck,4.5025,4.3525,4.7525,$ Per Bushel
2026-04-09,Corn,Indiana,,Truck,4.5725,4.4225,4.8225,$ Per Bushel
2026-04-09,Corn,Iowa,,Truck,4.274,4.1625,4.3925,$ Per Bushel
2026-04-09,Corn,Kansas,,Truck,4.2925,4.0225,4.4625,$ Per Bushel
2026-04-09,Corn,Michigan,,Truck,4.3645,4.2225,4.4525,$ Per Bushel
2026-04-09,Corn,Minnesota,,Truck,4.0342,3.8925,4.1525,$ Per Bushel
2026-04-09,Corn,Missouri,,Truck,4.3025,4.2625,4.3225,$ Per Bushel
2026-04-09,Corn,Nebraska,,Truck,4.1737,4.0225,4.2825,$ Per Bushel
2026-04-09,Corn,Ohio,,Truck,4.6708,4.5725,4.7725,$ Per Bushel
2026-04-09,Corn,South Dakota,,Truck,3.925,3.8525,4.0825,$ Per Bushel
2026-04-09,Corn,Wisconsin,,Truck,4.1265,4.0025,4.2325,$ Per Bushel
2026-04-10,Corn,Illinois,,Truck,4.4743,4.32,4.74,$ Per Bushel
2026-04-10,Corn,Indiana,,Truck,4.5467,4.39,4.82,$ Per Bushel
2026-04-10,Corn,Iowa,,Truck,4.1994,4.04,4.36,$ Per Bushel
2026-04-10,Corn,Kansas,,Truck,4.28,3.99,4.43,$ Per Bushel
2026-04-10,Corn,Michigan,,Truck,4.352,4.29,4.42,$ Per Bushel
2026-04-10,Corn,Minnesota,,Truck,4.0067,3.86,4.12,$ Per Bushel
2026-04-10,Corn,Missouri,,Truck,4.275,4.23,4.31,$ Per Bushel
2026-04-10,Corn,Nebraska,,Truck,4.1476,3.99,4.25,$ Per Bushel
2026-04-10,Corn,Ohio,,Truck,4.6467,4.58,4.74,$ Per Bushel
2026-04-10,Corn,South Dakota,,Truck,3.8992,3.82,4.07,$ Per Bushel
2026-04-10,Corn,Wisconsin,,Truck,4.098,3.97,4.2,$ Per Bushel
2026-04-13,Corn,Illinois,,Truck,4.45,4.29,4.76,$ Per Bushel
2026-04-13,Corn,Indiana,,Truck,4.5167,4.36,4.79,$ Per Bushel
2026-04-13,Corn,Iowa,,Truck,4.1753,4.01,4.33,$ Per Bushel
2026-04-13,Corn,Kansas,,Truck,4.25,3.96,4.4,$ Per Bushel
2026-04-13,Corn,Michigan,,Truck,4.322,4.26,4.39,$ Per Bushel
2026-04-13,Corn,Minnesota,,Truck,3.98,3.83,4.09,$ Per Bushel
2026-04-13,Corn,Missouri,,Truck,4.2325,4.19,4.28,$ Per Bushel
2026-04-13,Corn,Nebraska,,Truck,4.1259,3.99,4.29,$ Per Bushel
2026-04-13,Corn,Ohio,,Truck,4.6167,4.55,4.71,$ Per Bushel
2026-04-13,Corn,South Dakota,,Truck,3.8742,3.81,4.06,$ Per Bushel
2026-04-13,Corn,Wisconsin,,Truck,4.072,3.94,4.17,$ Per Bushel
2026-04-14,Corn,Illinois,,Truck,4.4439,4.2625,4.7525,$ Per Bushel
2026-04-14,Corn,Indiana,,Truck,4.5125,4.3525,4.7825,$ Per Bushel
2026-04-14,Corn,Iowa,,Truck,4.1701,4.0025,4.3425,$ Per Bushel
2026-04-14,Corn,Kansas,,Truck,4.2425,3.9525,4.3925,$ Per Bushel
2026-04-14,Corn,Michigan,,Truck,4.3145,4.2525,4.3825,$ Per Bushel
2026-04-14,Corn,Minnesota,,Truck,3.9758,3.8225,4.1025,$ Per Bushel
2026-04-14,Corn,Missouri,,Truck,4.245,4.1825,4.3025,$ Per Bushel
2026-04-14,Corn,Nebraska,,Truck,4.1249,3.9825,4.2825,$ Per Bushel
2026-04-14,Corn,Ohio,,Truck,4.6225,4.5525,4.7025,$ Per Bushel
2026-04-14,Corn,South Dakota,,Truck,3.8708,3.8025,4.0525,$ Per Bushel
2026-04-14,Corn,Wisconsin,,Truck,4.0645,3.9325,4.1625,$ Per Bushel
2026-04-15,Corn,Illinois,,Truck,4.4743,4.31,4.78,$ Per Bushel
2026-04-15,Corn,Indiana,,Truck,4.5556,4.43,4.81,$ Per Bushel
2026-04-15,Corn,Iowa,,Truck,4.2018,4.03,4.37,$ Per Bushel
2026-04-15,Corn,Kansas,,Truck,4.275,3.98,4.44,$ Per Bushel
2026-04-15,Corn,Michigan,,Truck,4.342,4.28,4.41,$ Per Bushel
2026-04-15,Corn,Minnesota,,Truck,4.0117,3.88,4.13,$ Per Bushel
2026-04-15,Corn,Missouri,,Truck,4.285,4.21,4.38,$ Per Bushel
2026-04-15,Corn,Nebraska,,Truck,4.1653,4.01,4.31,$ Per Bushel
2026-04-15,Corn,Ohio,,Truck,4.6583,4.58,4.78,$ Per Bushel
2026-04-15,Corn,South Dakota,,Truck,3.9008,3.83,4.1,$ Per Bushel
2026-04-15,Corn,Wisconsin,,Truck,4.092,3.96,4.19,$ Per Bushel
2026-04-16,Corn,Illinois,,Truck,4.5639,4.3925,4.8625,$ Per Bushel
2026-04-16,Corn,Indiana,,Truck,4.6414,4.5125,4.8925,$ Per Bushel
2026-04-16,Corn,Iowa,,Truck,4.3317,4.2325,4.4525,$ Per Bushel
2026-04-16,Corn,Kansas,,Truck,4.3575,4.0625,4.5225,$ Per Bushel
2026-04-16,Corn,Michigan,,Truck,4.4245,4.3625,4.4925,$ Per Bushel
2026-04-16,Corn,Minnesota,,Truck,4.0942,3.9625,4.2125,$ Per Bushel
2026-04-16,Corn,Missouri,,Truck,4.365,4.2925,4.4625,$ Per Bushel
2026-04-16,Corn,Nebraska,,Truck,4.2519,4.0925,4.4125,$ Per Bushel
2026-04-16,Corn,Ohio,,Truck,4.7408,4.6625,4.8625,$ Per Bushel
2026-04-16,Corn,South Dakota,,Truck,3.9858,3.9125,4.1825,$ Per Bushel
2026-04-16,Corn,Wisconsin,,Truck,4.1705,4.0425,4.2725,$ Per Bushel
2026-04-17,Corn,Illinois,,Truck,4.5393,4.365,4.835,$ Per Bushel
2026-04-17,Corn,Indiana,,Truck,4.625,4.485,4.865,$ Per Bushel
2026-04-17,Corn,Iowa,,Truck,4.2632,4.085,4.425,$ Per Bushel
2026-04-17,Corn,Kansas,,Truck,4.33,4.035,4.495,$ Per Bushel
2026-04-17,Corn,Michigan,,Truck,4.397,4.335,4.465,$ Per Bushel
2026-04-17,Corn,Minnesota,,Truck,4.0733,3.975,4.185,$ Per Bushel
2026-04-17,Corn,Missouri,,Truck,4.3375,4.265,4.435,$ Per Bushel
2026-04-17,Corn,Nebraska,,Truck,4.2285,4.035,4.385,$ Per Bushel
2026-04-17,Corn,Ohio,,Truck,4.7133,4.635,4.835,$ Per Bushel
2026-04-17,Corn,South Dakota,,Truck,3.9567,3.865,4.155,$ Per Bushel
2026-04-17,Corn,Wisconsin,,Truck,4.143,4.015,4.245,$ Per Bushel
2026-04-20,Corn,Illinois,,Truck,4.5518,4.3675,4.8575,$ Per Bushel
2026-04-20,Corn,Indiana,,Truck,4.6331,4.4875,4.8675,$ Per Bushel
2026-04-20,Corn,Iowa,,Truck,4.2581,4.0875,4.3675,$ Per Bushel
2026-04-20,Corn,Kansas,,Truck,4.3325,4.0375,4.4975,$ Per Bushel
2026-04-20,Corn,Michigan,,Truck,4.4135,4.3375,4.5375,$ Per Bushel
2026-04-20,Corn,Minnesota,,Truck,4.0792,3.9775,4.1875,$ Per Bushel
2026-04-20,Corn,Missouri,,Truck,4.34,4.2675,4.4375,$ Per Bushel
2026-04-20,Corn,Nebraska,,Truck,4.2316,4.0375,4.3975,$ Per Bushel
2026-04-20,Corn,Ohio,,Truck,4.7158,4.6375,4.8375,$ Per Bushel
2026-04-20,Corn,South Dakota,,Truck,3.9633,3.8675,4.1575,$ Per Bushel
2026-04-20,Corn,Wisconsin,,Truck,4.1455,4.0175,4.2475,$ Per Bushel
2026-04-21,Corn,Illinois,,Truck,4.5829,4.4,4.89,$ Per Bushel
2026-04-21,Corn,Indiana,,Truck,4.6856,4.52,4.9,$ Per Bushel
2026-04-21,Corn,Iowa,,Truck,4.2971,4.12,4.42,$ Per Bushel
2026-04-21,Corn,Kansas,,Truck,4.365,4.07,4.53,$ Per Bushel
2026-04-21,Corn,Michigan,,Truck,4.466,4.42,4.57,$ Per Bushel
2026-04-21,Corn,Minnesota,,Truck,4.1117,4.01,4.22,$ Per Bushel
2026-04-21,Corn,Missouri,,Truck,4.3725,4.3,4.47,$ Per Bushel
2026-04-21,Corn,Nebraska,,Truck,4.2676,4.07,4.42,$ Per Bushel
2026-04-21,Corn,Ohio,,Truck,4.7567,4.67,4.87,$ Per Bushel
2026-04-21,Corn,South Dakota,,Truck,3.9975,3.89,4.19,$ Per Bushel
2026-04-21,Corn,Wisconsin,,Truck,4.178,4.05,4.28,$ Per Bushel
2026-04-22,Corn,Illinois,,Truck,4.6104,4.4375,4.9175,$ Per Bushel
2026-04-22,Corn,Indiana,,Truck,4.7108,4.5575,4.9175,$ Per Bushel
2026-04-22,Corn,Iowa,,Truck,4.3187,4.1375,4.4375,$ Per Bushel
2026-04-22,Corn,Kansas,,Truck,4.3825,4.0875,4.5475,$ Per Bushel
2026-04-22,Corn,Michigan,,Truck,4.4835,4.4375,4.5875,$ Per Bushel
2026-04-22,Corn,Minnesota,,Truck,4.1292,4.0275,4.2375,$ Per Bushel
2026-04-22,Corn,Missouri,,Truck,4.41,4.3675,4.4875,$ Per Bushel
2026-04-22,Corn,Nebraska,,Truck,4.2899,4.0875,4.4375,$ Per Bushel
2026-04-22,Corn,Ohio,,Truck,4.7958,4.6875,4.8875,$ Per Bushel
2026-04-22,Corn,South Dakota,,Truck,4.0142,3.9175,4.1675,$ Per Bushel
2026-04-22,Corn,Wisconsin,,Truck,4.1955,4.0675,4.2975,$ Per Bushel
2026-04-23,Corn,Illinois,,Truck,4.6054,4.4425,4.9325,$ Per Bushel
2026-04-23,Corn,Indiana,,Truck,4.7103,4.5625,4.8725,$ Per Bushel
2026-04-23,Corn,Iowa,,Truck,4.3307,4.1425,4.4925,$ Per Bushel
2026-04-23,Corn,Kansas,,Truck,4.3875,4.0925,4.5525,$ Per Bushel
2026-04-23,Corn,Michigan,,Truck,4.4885,4.4425,4.5925,$ Per Bushel
2026-04-23,Corn,Minnesota,,Truck,4.1258,4.0325,4.2425,$ Per Bushel
2026-04-23,Corn,Missouri,,Truck,4.425,4.3725,4.4925,$ Per Bushel
2026-04-23,Corn,Nebraska,,Truck,4.2949,4.0925,4.4425,$ Per Bushel
2026-04-23,Corn,Ohio,,Truck,4.8175,4.6925,4.9425,$ Per Bushel
2026-04-23,Corn,South Dakota,,Truck,4.0217,3.9325,4.1725,$ Per Bushel
2026-04-23,Corn,Wisconsin,,Truck,4.2125,4.0725,4.3625,$ Per Bushel
2026-04-24,Corn,Illinois,,Truck,4.6221,4.455,4.955,$ Per Bushel
2026-04-24,Corn,Indiana,,Truck,4.7228,4.575,4.885,$ Per Bushel
2026-04-24,Corn,Iowa,,Truck,4.3858,4.275,4.505,$ Per Bushel
2026-04-24,Corn,Kansas,,Truck,4.4,4.105,4.565,$ Per Bushel
2026-04-24,Corn,Michigan,,Truck,4.511,4.455,4.605,$ Per Bushel
2026-04-24,Corn,Minnesota,,Truck,4.1383,4.045,4.255,$ Per Bushel
2026-04-24,Corn,Missouri,,Truck,4.4375,4.385,4.505,$ Per Bushel
2026-04-24,Corn,Nebraska,,Truck,4.3097,4.105,4.455,$ Per Bushel
2026-04-24,Corn,Ohio,,Truck,4.835,4.705,4.955,$ Per Bushel
2026-04-24,Corn,South Dakota,,Truck,4.0342,3.945,4.185,$ Per Bushel
2026-04-24,Corn,Wisconsin,,Truck,4.233,4.085,4.415,$ Per Bushel
2026-04-27,Corn,Illinois,,Truck,4.62,4.45,4.95,$ Per Bushel
2026-04-27,Corn,Indiana,,Truck,4.7178,4.57,4.88,$ Per Bushel
2026-04-27,Corn,Iowa,,Truck,4.3715,4.27,4.5,$ Per Bushel
2026-04-27,Corn,Kansas,,Truck,4.4867,4.45,4.56,$ Per Bushel
2026-04-27,Corn,Michigan,,Truck,4.506,4.45,4.6,$ Per Bushel
2026-04-27,Corn,Minnesota,,Truck,4.1333,4.04,4.25,$ Per Bushel
2026-04-27,Corn,Missouri,,Truck,4.4325,4.38,4.5,$ Per Bushel
2026-04-27,Corn,Nebraska,,Truck,4.3053,4.1,4.45,$ Per Bushel
2026-04-27,Corn,Ohio,,Truck,4.7383,4.2,4.95,$ Per Bushel
2026-04-27,Corn,South Dakota,,Truck,4.03,3.94,4.18,$ Per Bushel
2026-04-27,Corn,Wisconsin,,Truck,4.228,4.08,4.41,$ Per Bushel
2026-04-28,Corn,Illinois,,Truck,4.6732,4.5075,4.9775,$ Per Bushel
2026-04-28,Corn,Indiana,,Truck,4.7842,4.6275,4.9575,$ Per Bushel
2026-04-28,Corn,Iowa,,Truck,4.3634,4.2075,4.5575,$ Per Bushel
2026-04-28,Corn,Kansas,,Truck,4.5442,4.5075,4.6175,$ Per Bushel
2026-04-28,Corn,Michigan,,Truck,4.5635,4.5075,4.6575,$ Per Bushel
2026-04-28,Corn,Minnesota,,Truck,4.1708,4.0975,4.2475,$ Per Bushel
2026-04-28,Corn,Missouri,,Truck,4.5038,4.4425,4.5575,$ Per Bushel
2026-04-28,Corn,Nebraska,,Truck,4.3504,4.0475,4.5075,$ Per Bushel
2026-04-28,Corn,Ohio,,Truck,4.7992,4.2575,5.0075,$ Per Bushel
2026-04-28,Corn,South Dakota,,Truck,4.0867,3.9975,4.2475,$ Per Bushel
2026-04-28,Corn,Wisconsin,,Truck,4.2855,4.1375,4.4675,$ Per Bushel
2026-04-29,Corn,Illinois,,Truck,4.7111,4.5525,5.0225,$ Per Bushel
2026-04-29,Corn,Indiana,,Truck,4.8214,4.6725,5.0025,$ Per Bushel
2026-04-29,Corn,Iowa,,Truck,4.4425,4.3225,4.6025,$ Per Bushel
2026-04-29,Corn,Kansas,,Truck,4.5892,4.5525,4.6625,$ Per Bushel
2026-04-29,Corn,Michigan,,Truck,4.6085,4.5525,4.7025,$ Per Bushel
2026-04-29,Corn,Minnesota,,Truck,4.2125,4.1425,4.2925,$ Per Bushel
2026-04-29,Corn,Missouri,,Truck,4.5531,4.5025,4.6025,$ Per Bushel
2026-04-29,Corn,Nebraska,,Truck,4.39,4.0925,4.5525,$ Per Bushel
2026-04-29,Corn,Ohio,,Truck,4.8442,4.3025,5.0025,$ Per Bushel
2026-04-29,Corn,South Dakota,,Truck,4.1167,4.0325,4.3125,$ Per Bushel
2026-04-29,Corn,Wisconsin,,Truck,4.3085,4.1025,4.5025,$ Per Bushel
2026-04-30,Corn,Illinois,,Truck,4.7036,4.445,5.015,$ Per Bushel
2026-04-30,Corn,Indiana,,Truck,4.8061,4.665,4.965,$ Per Bushel
2026-04-30,Corn,Iowa,,Truck,4.3715,4.215,4.565,$ Per Bushel
2026-04-30,Corn,Kansas,,Truck,4.505,4.215,4.675,$ Per Bushel
2026-04-30,Corn,Michigan,,Truck,4.623,4.565,4.725,$ Per Bushel
2026-04-30,Corn,Minnesota,,Truck,4.1833,4.045,4.305,$ Per Bushel
2026-04-30,Corn,Missouri,,Truck,4.5406,4.505,4.615,$ Per Bushel
2026-04-30,Corn,Nebraska,,Truck,4.3837,4.105,4.535,$ Per Bushel
2026-04-30,Corn,Ohio,,Truck,4.8317,4.315,5.015,$ Per Bushel
2026-04-30,Corn,South Dakota,,Truck,4.1142,4.015,4.325,$ Per Bushel
2026-04-30,Corn,Wisconsin,,Truck,4.305,4.115,4.435,$ Per Bushel
2026-05-01,Corn,Illinois,,Truck,4.7718,4.5275,5.0275,$ Per Bushel
2026-05-01,Corn,Indiana,,Truck,4.8553,4.7175,5.0475,$ Per Bushel
2026-05-01,Corn,Iowa,,Truck,4.4334,4.2975,4.5575,$ Per Bushel
2026-05-01,Corn,Kansas,,Truck,4.6508,4.5475,4.7075,$ Per Bushel
2026-05-01,Corn,Michigan,,Truck,4.6842,4.5975,4.8075,$ Per Bushel
2026-05-01,Corn,Minnesota,,Truck,4.2258,4.1275,4.3275,$ Per Bushel
2026-05-01,Corn,Missouri,,Truck,4.5325,4.4775,4.5975,$ Per Bushel
2026-05-01,Corn,Nebraska,,Truck,4.4275,4.1875,4.5675,$ Per Bushel
2026-05-01,Corn,Ohio,,Truck,4.9675,4.8475,5.0675,$ Per Bushel
2026-05-01,Corn,South Dakota,,Truck,4.1242,3.9975,4.3075,$ Per Bushel
2026-05-01,Corn,Wisconsin,,Truck,4.3475,4.1975,4.5275,$ Per Bushel
2026-05-04,Corn,Illinois,,Truck,4.8125,4.5825,5.0825,$ Per Bushel
2026-05-04,Corn,Indiana,,Truck,4.9114,4.7825,5.1025,$ Per Bushel
2026-05-04,Corn,Iowa,,Truck,4.4849,4.3525,4.6125,$ Per Bushel
2026-05-04,Corn,Kansas,,Truck,4.6125,4.3525,4.7625,$ Per Bushel
2026-05-04,Corn,Michigan,,Truck,4.7005,4.5825,4.8625,$ Per Bushel
2026-05-04,Corn,Minnesota,,Truck,4.2758,4.1525,4.3825,$ Per Bushel
2026-05-04,Corn,Missouri,,Truck,4.5775,4.5325,4.6225,$ Per Bushel
2026-05-04,Corn,Nebraska,,Truck,4.476,4.2425,4.6225,$ Per Bushel
2026-05-04,Corn,Ohio,,Truck,5.0192,4.9025,5.1025,$ Per Bushel
2026-05-04,Corn,South Dakota,,Truck,4.1725,4.0725,4.3425,$ Per Bushel
2026-05-04,Corn,Wisconsin,,Truck,4.3985,4.2425,4.5825,$ Per Bushel
2026-05-05,Corn,Illinois,,Truck,4.8675,4.6375,5.1375,$ Per Bushel
2026-05-05,Corn,Indiana,,Truck,4.9653,4.8375,5.1575,$ Per Bushel
2026-05-05,Corn,Iowa,,Truck,4.541,4.4075,4.6675,$ Per Bushel
2026-05-05,Corn,Kansas,,Truck,4.685,4.4075,4.8175,$ Per Bushel
2026-05-05,Corn,Michigan,,Truck,4.7595,4.6575,4.9175,$ Per Bushel
2026-05-05,Corn,Minnesota,,Truck,4.3308,4.2075,4.4375,$ Per Bushel
2026-05-05,Corn,Missouri,,Truck,4.6325,4.5875,4.6775,$ Per Bushel
2026-05-05,Corn,Nebraska,,Truck,4.5263,4.2975,4.6775,$ Per Bushel
2026-05-05,Corn,Ohio,,Truck,5.0742,4.9575,5.1575,$ Per Bushel
2026-05-05,Corn,South Dakota,,Truck,4.2275,4.1275,4.3975,$ Per Bushel
2026-05-05,Corn,Wisconsin,,Truck,4.4535,4.2975,4.6375,$ Per Bushel
2026-05-06,Corn,Illinois,,Truck,4.8043,4.58,5.06,$ Per Bushel
2026-05-06,Corn,Indiana,,Truck,4.9078,4.78,5.1,$ Per Bushel
2026-05-06,Corn,Iowa,,Truck,4.5415,4.45,4.69,$ Per Bushel
2026-05-06,Corn,Kansas,,Truck,4.72,4.65,4.76,$ Per Bushel
2026-05-06,Corn,Michigan,,Truck,4.702,4.6,4.86,$ Per Bushel
2026-05-06,Corn,Minnesota,,Truck,4.2683,4.15,4.38,$ Per Bushel
2026-05-06,Corn,Missouri,,Truck,4.58,4.53,4.62,$ Per Bushel
2026-05-06,Corn,Nebraska,,Truck,4.4724,4.24,4.62,$ Per Bushel
2026-05-06,Corn,Ohio,,Truck,5.0167,4.9,5.1,$ Per Bushel
2026-05-06,Corn,South Dakota,,Truck,4.1675,4.07,4.34,$ Per Bushel
2026-05-06,Corn,Wisconsin,,Truck,4.394,4.24,4.57,$ Per Bushel
2026-05-07,Corn,Illinois,,Truck,4.6836,4.465,4.925,$ Per Bushel
2026-05-07,Corn,Indiana,,Truck,4.795,4.665,4.985,$ Per Bushel
2026-05-07,Corn,Iowa,,Truck,4.3691,4.235,4.515,$ Per Bushel
2026-05-07,Corn,Kansas,,Truck,4.6217,4.535,4.685,$ Per Bushel
2026-05-07,Corn,Michigan,,Truck,4.587,4.485,4.745,$ Per Bushel
2026-05-07,Corn,Minnesota,,Truck,4.1467,4.035,4.265,$ Per Bushel
2026-05-07,Corn,Missouri,,Truck,4.465,4.415,4.505,$ Per Bushel
2026-05-07,Corn,Nebraska,,Truck,4.3568,4.125,4.495,$ Per Bushel
2026-05-07,Corn,Ohio,,Truck,4.9017,4.785,4.985,$ Per Bushel
2026-05-07,Corn,South Dakota,,Truck,4.055,3.955,4.255,$ Per Bushel
2026-05-07,Corn,Wisconsin,,Truck,4.279,4.125,4.455,$ Per Bushel
2026-05-08,Corn,Illinois,,Truck,4.6764,4.455,4.915,$ Per Bushel
2026-05-08,Corn,Indiana,,Truck,4.785,4.655,4.975,$ Per Bushel
2026-05-08,Corn,Iowa,,Truck,4.3626,4.225,4.525,$ Per Bushel
2026-05-08,Corn,Kansas,,Truck,4.6117,4.525,4.675,$ Per Bushel
2026-05-08,Corn,Michigan,,Truck,4.577,4.475,4.735,$ Per Bushel
2026-05-08,Corn,Minnesota,,Truck,4.1367,4.025,4.255,$ Per Bushel
2026-05-08,Corn,Missouri,,Truck,4.45,4.405,4.495,$ Per Bushel
2026-05-08,Corn,Nebraska,,Truck,4.3468,4.115,4.485,$ Per Bushel
2026-05-08,Corn,Ohio,,Truck,4.8917,4.775,4.975,$ Per Bushel
2026-05-08,Corn,South Dakota,,Truck,4.0492,3.945,4.275,$ Per Bushel
2026-05-08,Corn,Wisconsin,,Truck,4.269,4.115,4.445,$ Per Bushel
2026-05-11,Corn,Illinois,,Truck,4.7082,4.4925,4.9325,$ Per Bushel
2026-05-11,Corn,Indiana,,Truck,4.8225,4.6925,5.0125,$ Per Bushel
2026-05-11,Corn,Iowa,,Truck,4.4025,4.2625,4.5625,$ Per Bushel
2026-05-11,Corn,Kansas,,Truck,4.6492,4.5625,4.7125,$ Per Bushel
2026-05-11,Corn,Michigan,,Truck,4.6145,4.5125,4.7725,$ Per Bushel
2026-05-11,Corn,Minnesota,,Truck,4.1742,4.0625,4.2925,$ Per Bushel
2026-05-11,Corn,Missouri,,Truck,4.4875,4.4425,4.5325,$ Per Bushel
2026-05-11,Corn,Nebraska,,Truck,4.3854,4.1525,4.5225,$ Per Bushel
2026-05-11,Corn,Ohio,,Truck,4.9292,4.8125,5.0125,$ Per Bushel
2026-05-11,Corn,South Dakota,,Truck,4.0892,4.0125,4.3125,$ Per Bushel
2026-05-11,Corn,Wisconsin,,Truck,4.3065,4.1525,4.4825,$ Per Bushel
2026-05-12,Corn,Illinois,,Truck,4.7468,4.5325,4.9625,$ Per Bushel
2026-05-12,Corn,Indiana,,Truck,4.8647,4.7325,5.0525,$ Per Bushel
2026-05-12,Corn,Iowa,,Truck,4.446,4.3025,4.6025,$ Per Bushel
2026-05-12,Corn,Kansas,,Truck,4.6892,4.6025,4.7525,$ Per Bushel
2026-05-12,Corn,Michigan,,Truck,4.6545,4.5525,4.8125,$ Per Bushel
2026-05-12,Corn,Minnesota,,Truck,4.2225,4.1025,4.3525,$ Per Bushel
2026-05-12,Corn,Missouri,,Truck,4.5275,4.4825,4.5725,$ Per Bushel
2026-05-12,Corn,Nebraska,,Truck,4.4254,4.1925,4.5625,$ Per Bushel
2026-05-12,Corn,Ohio,,Truck,4.9692,4.8525,5.0525,$ Per Bushel
2026-05-12,Corn,South Dakota,,Truck,4.13,4.0525,4.3625,$ Per Bushel
2026-05-12,Corn,Wisconsin,,Truck,4.3465,4.1925,4.5225,$ Per Bushel
2026-05-13,Corn,Illinois,,Truck,4.7957,4.58,5.02,$ Per Bushel
2026-05-13,Corn,Indiana,,Truck,4.9144,4.78,5.12,$ Per Bushel
2026-05-13,Corn,Iowa,,Truck,4.4965,4.35,4.65,$ Per Bushel
2026-05-13,Corn,Kansas,,Truck,4.7367,4.65,4.8,$ Per Bushel
2026-05-13,Corn,Michigan,,Truck,4.702,4.6,4.86,$ Per Bushel
2026-05-13,Corn,Minnesota,,Truck,4.27,4.15,4.4,$ Per Bushel
2026-05-13,Corn,Missouri,,Truck,4.575,4.53,4.62,$ Per Bushel
2026-05-13,Corn,Nebraska,,Truck,4.4753,4.24,4.63,$ Per Bushel
2026-05-13,Corn,Ohio,,Truck,5.0167,4.9,5.1,$ Per Bushel
2026-05-13,Corn,South Dakota,,Truck,4.1775,4.1,4.41,$ Per Bushel
2026-05-13,Corn,Wisconsin,,Truck,4.394,4.24,4.57,$ Per Bushel
2026-05-14,Corn,Illinois,,Truck,4.8061,4.5875,5.0275,$ Per Bushel
2026-05-14,Corn,Indiana,,Truck,4.9219,4.7875,5.1275,$ Per Bushel
2026-05-14,Corn,Iowa,,Truck,4.5637,4.4775,4.6875,$ Per Bushel
2026-05-14,Corn,Kansas,,Truck,4.7442,4.6575,4.8075,$ Per Bushel
2026-05-14,Corn,Michigan,,Truck,4.7235,4.6075,4.9075,$ Per Bushel
2026-05-14,Corn,Minnesota,,Truck,4.2775,4.1575,4.4075,$ Per Bushel
2026-05-14,Corn,Missouri,,Truck,4.5825,4.5375,4.6275,$ Per Bushel
2026-05-14,Corn,Nebraska,,Truck,4.4828,4.2475,4.6375,$ Per Bushel
2026-05-14,Corn,Ohio,,Truck,5.0325,4.9075,5.1075,$ Per Bushel
2026-05-14,Corn,South Dakota,,Truck,4.1833,4.1075,4.4375,$ Per Bushel
2026-05-14,Corn,Wisconsin,,Truck,4.4015,4.2475,4.5775,$ Per Bushel
2026-05-15,Corn,Illinois,,Truck,4.6707,4.455,4.875,$ Per Bushel
2026-05-15,Corn,Indiana,,Truck,4.8061,4.655,5.025,$ Per Bushel
2026-05-15,Corn,Iowa,,Truck,4.4273,4.345,4.545,$ Per Bushel
2026-05-15,Corn,Kansas,,Truck,4.6117,4.525,4.675,$ Per Bushel
2026-05-15,Corn,Michigan,,Truck,4.591,4.475,4.775,$ Per Bushel
2026-05-15,Corn,Minnesota,,Truck,4.15,4.015,4.275,$ Per Bushel
2026-05-15,Corn,Missouri,,Truck,4.4575,4.405,4.505,$ Per Bushel
2026-05-15,Corn,Nebraska,,Truck,4.3556,4.115,4.505,$ Per Bushel
2026-05-15,Corn,Ohio,,Truck,4.9,4.775,4.975,$ Per Bushel
2026-05-15,Corn,South Dakota,,Truck,4.0592,3.975,4.325,$ Per Bushel
2026-05-15,Corn,Wisconsin,,Truck,4.273,4.125,4.445,$ Per Bushel
2026-05-18,Corn,Illinois,,Truck,4.5546,4.3375,4.7575,$ Per Bushel
2026-05-18,Corn,Indiana,,Truck,4.6908,4.5375,4.9075,$ Per Bushel
2026-05-18,Corn,Iowa,,Truck,4.2675,4.1075,4.4175,$ Per Bushel
2026-05-18,Corn,Kansas,,Truck,4.5175,4.4075,4.6075,$ Per Bushel
2026-05-18,Corn,Michigan,,Truck,4.4835,4.4075,4.6575,$ Per Bushel
2026-05-18,Corn,Minnesota,,Truck,4.0325,3.8975,4.1575,$ Per Bushel
2026-05-18,Corn,Missouri,,Truck,4.34,4.2875,4.3875,$ Per Bushel
2026-05-18,Corn,Nebraska,,Truck,4.241,3.9975,4.3875,$ Per Bushel
2026-05-18,Corn,Ohio,,Truck,4.7825,4.6575,4.8575,$ Per Bushel
2026-05-18,Corn,South Dakota,,Truck,3.9467,3.8575,4.2075,$ Per Bushel
2026-05-18,Corn,Wisconsin,,Truck,4.1555,4.0075,4.3275,$ Per Bushel
2026-05-19,Corn,Illinois,,Truck,4.7671,4.55,4.97,$ Per Bushel
2026-05-19,Corn,Indiana,,Truck,4.9033,4.75,5.12,$ Per Bushel
2026-05-19,Corn,Iowa,,Truck,4.5254,4.44,4.65,$ Per Bushel
2026-05-19,Corn,Kansas,,Truck,4.7233,4.62,4.82,$ Per Bushel
2026-05-19,Corn,Michigan,,Truck,4.696,4.62,4.87,$ Per Bushel
2026-05-19,Corn,Minnesota,,Truck,4.245,4.11,4.37,$ Per Bushel
2026-05-19,Corn,Missouri,,Truck,4.5525,4.5,4.6,$ Per Bushel
2026-05-19,Corn,Nebraska,,Truck,4.4529,4.21,4.6,$ Per Bushel
2026-05-19,Corn,Ohio,,Truck,5.0033,4.87,5.12,$ Per Bushel
2026-05-19,Corn,South Dakota,,Truck,4.1558,4.07,4.41,$ Per Bushel
2026-05-19,Corn,Wisconsin,,Truck,4.364,4.2,4.54,$ Per Bushel
2026-05-20,Corn,Illinois,,Truck,4.7511,4.5325,4.9625,$ Per Bushel
2026-05-20,Corn,Indiana,,Truck,4.8892,4.7325,5.1025,$ Per Bushel
2026-05-20,Corn,Iowa,,Truck,4.4631,4.3025,4.6125,$ Per Bushel
2026-05-20,Corn,Kansas,,Truck,4.7058,4.6025,4.8025,$ Per Bushel
2026-05-20,Corn,Michigan,,Truck,4.6785,4.6025,4.8525,$ Per Bushel
2026-05-20,Corn,Minnesota,,Truck,4.2275,4.0925,4.3525,$ Per Bushel
2026-05-20,Corn,Missouri,,Truck,4.535,4.4825,4.5825,$ Per Bushel
2026-05-20,Corn,Nebraska,,Truck,4.4366,4.1925,4.5825,$ Per Bushel
2026-05-20,Corn,Ohio,,Truck,4.9858,4.8525,5.1025,$ Per Bushel
2026-05-20,Corn,South Dakota,,Truck,4.1383,4.0525,4.3925,$ Per Bushel
2026-05-20,Corn,Wisconsin,,Truck,4.3525,4.1825,4.5225,$ Per Bushel
2026-05-21,Corn,Illinois,,Truck,4.6561,4.4375,4.8675,$ Per Bushel
2026-05-21,Corn,Indiana,,Truck,4.7975,4.6375,5.0075,$ Per Bushel
2026-05-21,Corn,Iowa,,Truck,4.3699,4.2075,4.5175,$ Per Bushel
2026-05-21,Corn,Kansas,,Truck,4.6108,4.5075,4.7075,$ Per Bushel
2026-05-21,Corn,Michigan,,Truck,4.5835,4.5075,4.7575,$ Per Bushel
2026-05-21,Corn,Minnesota,,Truck,4.1308,3.9875,4.2575,$ Per Bushel
2026-05-21,Corn,Missouri,,Truck,4.4625,4.3875,4.5375,$ Per Bushel
2026-05-21,Corn,Nebraska,,Truck,4.3446,4.0975,4.5075,$ Per Bushel
2026-05-21,Corn,Ohio,,Truck,4.8908,4.7575,5.0075,$ Per Bushel
2026-05-21,Corn,South Dakota,,Truck,4.0433,3.9575,4.2975,$ Per Bushel
2026-05-21,Corn,Wisconsin,,Truck,4.2575,4.0875,4.4275,$ Per Bushel
2026-05-22,Corn,Illinois,,Truck,4.6225,4.4025,4.8225,$ Per Bushel
2026-05-22,Corn,Indiana,,Truck,4.7625,4.6025,4.9725,$ Per Bushel
2026-05-22,Corn,Iowa,,Truck,4.3378,4.1725,4.4825,$ Per Bushel
2026-05-22,Corn,Kansas,,Truck,4.5758,4.4725,4.6725,$ Per Bushel
2026-05-22,Corn,Michigan,,Truck,4.5485,4.4725,4.7225,$ Per Bushel
2026-05-22,Corn,Minnesota,,Truck,4.1025,3.9525,4.2225,$ Per Bushel
2026-05-22,Corn,Missouri,,Truck,4.4275,4.3525,4.5025,$ Per Bushel
2026-05-22,Corn,Nebraska,,Truck,4.3113,4.0625,4.4725,$ Per Bushel
2026-05-22,Corn,Ohio,,Truck,4.8558,4.7225,4.9725,$ Per Bushel
2026-05-22,Corn,South Dakota,,Truck,4.0092,3.9225,4.2725,$ Per Bushel
2026-05-22,Corn,Wisconsin,,Truck,4.2225,4.0525,4.3925,$ Per Bushel
2026-05-26,Corn,Illinois,,Truck,4.6311,4.4125,4.8425,$ Per Bushel
2026-05-26,Corn,Indiana,,Truck,4.7725,4.6125,4.9825,$ Per Bushel
2026-05-26,Corn,Iowa,,Truck,4.3472,4.1825,4.4925,$ Per Bushel
2026-05-26,Corn,Kansas,,Truck,4.5858,4.4825,4.6825,$ Per Bushel
2026-05-26,Corn,Michigan,,Truck,4.5585,4.4825,4.7325,$ Per Bushel
2026-05-26,Corn,Minnesota,,Truck,4.1125,3.9625,4.2325,$ Per Bushel
2026-05-26,Corn,Missouri,,Truck,4.4375,4.3625,4.5125,$ Per Bushel
2026-05-26,Corn,Nebraska,,Truck,4.3184,4.0725,4.4825,$ Per Bushel
2026-05-26,Corn,Ohio,,Truck,4.8658,4.7325,4.9825,$ Per Bushel
2026-05-26,Corn,South Dakota,,Truck,4.0192,3.9325,4.2825,$ Per Bushel
2026-05-26,Corn,Wisconsin,,Truck,4.2325,4.0625,4.4025,$ Per Bushel
2026-05-27,Corn,Illinois,,Truck,4.5721,4.355,4.775,$ Per Bushel
2026-05-27,Corn,Indiana,,Truck,4.7183,4.585,4.925,$ Per Bushel
2026-05-27,Corn,Iowa,,Truck,4.3358,4.245,4.455,$ Per Bushel
2026-05-27,Corn,Kansas,,Truck,4.5283,4.425,4.625,$ Per Bushel
2026-05-27,Corn,Michigan,,Truck,4.501,4.425,4.675,$ Per Bushel
2026-05-27,Corn,Minnesota,,Truck,4.055,3.905,4.175,$ Per Bushel
2026-05-27,Corn,Missouri,,Truck,4.3975,4.305,4.525,$ Per Bushel
2026-05-27,Corn,Nebraska,,Truck,4.2674,4.015,4.435,$ Per Bushel
2026-05-27,Corn,Ohio,,Truck,4.8167,4.675,4.925,$ Per Bushel
2026-05-27,Corn,South Dakota,,Truck,3.9667,3.875,4.235,$ Per Bushel
2026-05-27,Corn,Wisconsin,,Truck,4.175,4.005,4.345,$ Per Bushel
2026-05-28,Corn,Illinois,,Truck,4.5221,4.305,4.725,$ Per Bushel
2026-05-28,Corn,Indiana,,Truck,4.6739,4.565,4.875,$ Per Bushel
2026-05-28,Corn,Iowa,,Truck,4.2432,4.075,4.385,$ Per Bushel
2026-05-28,Corn,Kansas,,Truck,4.525,4.475,4.575,$ Per Bushel
2026-05-28,Corn,Michigan,,Truck,4.451,4.375,4.625,$ Per Bushel
2026-05-28,Corn,Minnesota,,Truck,4.005,3.855,4.125,$ Per Bushel
2026-05-28,Corn,Missouri,,Truck,4.3575,4.275,4.475,$ Per Bushel
2026-05-28,Corn,Nebraska,,Truck,4.2215,3.965,4.385,$ Per Bushel
2026-05-28,Corn,Ohio,,Truck,4.775,4.625,4.875,$ Per Bushel
2026-05-28,Corn,South Dakota,,Truck,3.9208,3.825,4.185,$ Per Bushel
2026-05-28,Corn,Wisconsin,,Truck,4.125,3.955,4.295,$ Per Bushel
2026-05-29,Corn,Illinois,,Truck,4.5546,4.3375,4.7575,$ Per Bushel
2026-05-29,Corn,Indiana,,Truck,4.7097,4.5975,4.9075,$ Per Bushel
2026-05-29,Corn,Iowa,,Truck,4.2834,4.1075,4.4175,$ Per Bushel
2026-05-29,Corn,Kansas,,Truck,4.5575,4.5075,4.6075,$ Per Bushel
2026-05-29,Corn,Michigan,,Truck,4.4935,4.4075,4.7075,$ Per Bushel
2026-05-29,Corn,Minnesota,,Truck,4.0375,3.8875,4.1575,$ Per Bushel
2026-05-29,Corn,Missouri,,Truck,4.39,4.3075,4.5075,$ Per Bushel
2026-05-29,Corn,Nebraska,,Truck,4.2616,3.9975,4.4375,$ Per Bushel
2026-05-29,Corn,Ohio,,Truck,4.8075,4.6575,4.9075,$ Per Bushel
2026-05-29,Corn,South Dakota,,Truck,3.9542,3.8575,4.2275,$ Per Bushel
2026-05-29,Corn,Wisconsin,,Truck,4.1595,3.9875,4.3375,$ Per Bushel
2026-06-01,Corn,Illinois,,Truck,4.4775,4.2475,4.6975,$ Per Bushel
2026-06-01,Corn,Indiana,,Truck,4.6231,4.5075,4.8175,$ Per Bushel
2026-06-01,Corn,Iowa,,Truck,4.2051,4.0675,4.3275,$ Per Bushel
2026-06-01,Corn,Kansas,,Truck,4.4808,4.4175,4.5175,$ Per Bushel
2026-06-01,Corn,Michigan,,Truck,4.4535,4.3175,4.6175,$ Per Bushel
2026-06-01,Corn,Minnesota,,Truck,3.9625,3.7975,4.0875,$ Per Bushel
2026-06-01,Corn,Missouri,,Truck,4.3075,4.2175,4.4175,$ Per Bushel
2026-06-01,Corn,Nebraska,,Truck,4.201,3.9875,4.3475,$ Per Bushel
2026-06-01,Corn,Ohio,,Truck,4.7425,4.6175,4.8175,$ Per Bushel
2026-06-01,Corn,South Dakota,,Truck,3.8717,3.7875,4.1375,$ Per Bushel
2026-06-01,Corn,Wisconsin,,Truck,4.0715,3.9175,4.2575,$ Per Bushel
2026-06-02,Corn,Illinois,,Truck,4.4757,4.32,4.68,$ Per Bushel
2026-06-02,Corn,Indiana,,Truck,4.6056,4.49,4.79,$ Per Bushel
2026-06-02,Corn,Iowa,,Truck,4.2438,4.11,4.34,$ Per Bushel
2026-06-02,Corn,Kansas,,Truck,4.47,4.44,4.49,$ Per Bushel
2026-06-02,Corn,Michigan,,Truck,4.426,4.29,4.59,$ Per Bushel
2026-06-02,Corn,Minnesota,,Truck,3.935,3.77,4.06,$ Per Bushel
2026-06-02,Corn,Missouri,,Truck,4.2825,4.19,4.39,$ Per Bushel
2026-06-02,Corn,Nebraska,,Truck,4.1829,3.96,4.35,$ Per Bushel
2026-06-02,Corn,Ohio,,Truck,4.7233,4.59,4.79,$ Per Bushel
2026-06-02,Corn,South Dakota,,Truck,3.8517,3.76,4.13,$ Per Bushel
2026-06-02,Corn,Wisconsin,,Truck,4.054,3.89,4.23,$ Per Bushel
2026-06-03,Corn,Illinois,,Truck,4.4364,4.285,4.645,$ Per Bushel
2026-06-03,Corn,Indiana,,Truck,4.5761,4.455,4.755,$ Per Bushel
2026-06-03,Corn,Iowa,,Truck,4.1574,4.005,4.265,$ Per Bushel
2026-06-03,Corn,Kansas,,Truck,4.435,4.405,4.455,$ Per Bushel
2026-06-03,Corn,Michigan,,Truck,4.391,4.255,4.555,$ Per Bushel
2026-06-03,Corn,Minnesota,,Truck,3.945,3.735,4.025,$ Per Bushel
2026-06-03,Corn,Missouri,,Truck,4.2575,4.195,4.355,$ Per Bushel
2026-06-03,Corn,Nebraska,,Truck,4.1526,3.925,4.315,$ Per Bushel
2026-06-03,Corn,Ohio,,Truck,4.7017,4.555,4.805,$ Per Bushel
2026-06-03,Corn,South Dakota,,Truck,3.8233,3.725,4.095,$ Per Bushel
2026-06-03,Corn,Wisconsin,,Truck,4.019,3.855,4.195,$ Per Bushel
2026-06-04,Corn,Illinois,,Truck,4.3507,4.195,4.555,$ Per Bushel
2026-06-04,Corn,Indiana,,Truck,4.4917,4.365,4.665,$ Per Bushel
2026-06-04,Corn,Iowa,,Truck,4.125,3.985,4.225,$ Per Bushel
2026-06-04,Corn,Kansas,,Truck,4.345,4.315,4.365,$ Per Bushel
2026-06-04,Corn,Michigan,,Truck,4.301,4.165,4.465,$ Per Bushel
2026-06-04,Corn,Minnesota,,Truck,3.865,3.645,3.935,$ Per Bushel
2026-06-04,Corn,Missouri,,Truck,4.17,4.105,4.265,$ Per Bushel
2026-06-04,Corn,Nebraska,,Truck,4.0668,3.855,4.225,$ Per Bushel
2026-06-04,Corn,Ohio,,Truck,4.62,4.465,4.765,$ Per Bushel
2026-06-04,Corn,South Dakota,,Truck,3.7383,3.655,4.005,$ Per Bushel
2026-06-04,Corn,Wisconsin,,Truck,3.929,3.765,4.105,$ Per Bushel
2026-06-05,Corn,Illinois,,Truck,4.2807,4.125,4.485,$ Per Bushel
2026-06-05,Corn,Indiana,,Truck,4.425,4.295,4.595,$ Per Bushel
2026-06-05,Corn,Iowa,,Truck,4.0209,3.895,4.135,$ Per Bushel
2026-06-05,Corn,Kansas,,Truck,4.2783,4.245,4.295,$ Per Bushel
2026-06-05,Corn,Michigan,,Truck,4.231,4.095,4.395,$ Per Bushel
2026-06-05,Corn,Minnesota,,Truck,3.8067,3.595,3.875,$ Per Bushel
2026-06-05,Corn,Missouri,,Truck,4.105,4.035,4.195,$ Per Bushel
2026-06-05,Corn,Nebraska,,Truck,4.0068,3.785,4.155,$ Per Bushel
2026-06-05,Corn,Ohio,,Truck,4.5583,4.395,4.695,$ Per Bushel
2026-06-05,Corn,South Dakota,,Truck,3.6725,3.555,3.935,$ Per Bushel
2026-06-05,Corn,Wisconsin,,Truck,3.867,3.695,4.055,$ Per Bushel
2026-06-08,Corn,Illinois,,Truck,4.2107,4.055,4.415,$ Per Bushel
2026-06-08,Corn,Indiana,,Truck,4.3639,4.225,4.525,$ Per Bushel
2026-06-08,Corn,Iowa,,Truck,3.9574,3.825,4.065,$ Per Bushel
2026-06-08,Corn,Kansas,,Truck,4.225,4.175,4.275,$ Per Bushel
2026-06-08,Corn,Michigan,,Truck,4.161,4.025,4.325,$ Per Bushel
2026-06-08,Corn,Minnesota,,Truck,3.7367,3.525,3.805,$ Per Bushel
2026-06-08,Corn,Missouri,,Truck,4.0375,3.965,4.125,$ Per Bushel
2026-06-08,Corn,Nebraska,,Truck,3.9538,3.755,4.105,$ Per Bushel
2026-06-08,Corn,Ohio,,Truck,4.4917,4.325,4.625,$ Per Bushel
2026-06-08,Corn,South Dakota,,Truck,3.6042,3.485,3.885,$ Per Bushel
2026-06-08,Corn,Wisconsin,,Truck,3.797,3.625,3.985,$ Per Bushel
2026-06-09,Corn,Illinois,,Truck,4.2161,4.0675,4.3875,$ Per Bushel
2026-06-09,Corn,Indiana,,Truck,4.4097,4.2375,4.5875,$ Per Bushel
2026-06-09,Corn,Iowa,,Truck,3.9822,3.8375,4.1175,$ Per Bushel
2026-06-09,Corn,Kansas,,Truck,4.2642,4.2375,4.2875,$ Per Bushel
2026-06-09,Corn,Michigan,,Truck,4.2035,4.0675,4.3375,$ Per Bushel
2026-06-09,Corn,Minnesota,,Truck,3.7558,3.5375,3.8375,$ Per Bushel
2026-06-09,Corn,Missouri,,Truck,4.0675,3.9775,4.1875,$ Per Bushel
2026-06-09,Corn,Nebraska,,Truck,3.9704,3.7675,4.1175,$ Per Bushel
2026-06-09,Corn,Ohio,,Truck,4.5542,4.3375,4.7375,$ Per Bushel
2026-06-09,Corn,South Dakota,,Truck,3.6283,3.5075,3.9075,$ Per Bushel
2026-06-09,Corn,Wisconsin,,Truck,3.8095,3.6375,3.9975,$ Per Bushel
2026-06-10,Corn,Illinois,,Truck,4.225,4.075,4.395,$ Per Bushel
2026-06-10,Corn,Indiana,,Truck,4.4172,4.245,4.595,$ Per Bushel
2026-06-10,Corn,Iowa,,Truck,3.9997,3.845,4.145,$ Per Bushel
2026-06-10,Corn,Kansas,,Truck,4.2717,4.245,4.295,$ Per Bushel
2026-06-10,Corn,Michigan,,Truck,4.211,4.075,4.345,$ Per Bushel
2026-06-10,Corn,Minnesota,,Truck,3.7767,3.545,3.845,$ Per Bushel
2026-06-10,Corn,Missouri,,Truck,4.075,3.985,4.195,$ Per Bushel
2026-06-10,Corn,Nebraska,,Truck,3.9832,3.775,4.175,$ Per Bushel
2026-06-10,Corn,Ohio,,Truck,4.5617,4.345,4.745,$ Per Bushel
2026-06-10,Corn,South Dakota,,Truck,3.6408,3.515,3.935,$ Per Bushel
2026-06-10,Corn,Wisconsin,,Truck,3.817,3.645,4.005,$ Per Bushel
2026-06-11,Corn,Illinois,,Truck,4.2214,4.07,4.4,$ Per Bushel
2026-06-11,Corn,Indiana,,Truck,4.4311,4.34,4.59,$ Per Bushel
2026-06-11,Corn,Iowa,,Truck,4.0385,3.91,4.14,$ Per Bushel
2026-06-11,Corn,Kansas,,Truck,4.2667,4.24,4.29,$ Per Bushel
2026-06-11,Corn,Michigan,,Truck,4.206,4.07,4.34,$ Per Bushel
2026-06-11,Corn,Minnesota,,Truck,3.785,3.57,3.89,$ Per Bushel
2026-06-11,Corn,Missouri,,Truck,4.09,4.01,4.19,$ Per Bushel
2026-06-11,Corn,Nebraska,,Truck,3.98,3.77,4.2,$ Per Bushel
2026-06-11,Corn,Ohio,,Truck,4.5567,4.34,4.74,$ Per Bushel
2026-06-11,Corn,South Dakota,,Truck,3.6417,3.51,3.95,$ Per Bushel
2026-06-11,Corn,Wisconsin,,Truck,3.818,3.67,4.0,$ Per Bushel
2026-06-12,Corn,Illinois,,Truck,4.1546,3.9975,4.3475,$ Per Bushel
2026-06-12,Corn,Indiana,,Truck,4.3719,4.2675,4.5175,$ Per Bushel
2026-06-12,Corn,Iowa,,Truck,3.9475,3.7675,4.1075,$ Per Bushel
2026-06-12,Corn,Kansas,,Truck,4.2275,4.1675,4.3175,$ Per Bushel
2026-06-12,Corn,Michigan,,Truck,4.1575,3.9975,4.3175,$ Per Bushel
2026-06-12,Corn,Minnesota,,Truck,3.7225,3.4975,3.8175,$ Per Bushel
2026-06-12,Corn,Missouri,,Truck,4.0425,3.9375,4.2175,$ Per Bushel
2026-06-12,Corn,Nebraska,,Truck,3.924,3.6975,4.1475,$ Per Bushel
2026-06-12,Corn,Ohio,,Truck,4.4842,4.2675,4.6675,$ Per Bushel
2026-06-12,Corn,South Dakota,,Truck,3.5767,3.4375,3.8775,$ Per Bushel
2026-06-12,Corn,Wisconsin,,Truck,3.7455,3.5975,3.9275,$ Per Bushel
2026-06-15,Corn,Illinois,,Truck,4.1718,4.0075,4.3675,$ Per Bushel
2026-06-15,Corn,Indiana,,Truck,4.3853,4.2775,4.5275,$ Per Bushel
2026-06-15,Corn,Iowa,,Truck,3.9806,3.8475,4.0775,$ Per Bushel
2026-06-15,Corn,Kansas,,Truck,4.2375,4.1775,4.3275,$ Per Bushel
2026-06-15,Corn,Michigan,,Truck,4.1675,4.0075,4.3275,$ Per Bushel
2026-06-15,Corn,Minnesota,,Truck,3.7325,3.5075,3.8275,$ Per Bushel
2026-06-15,Corn,Missouri,,Truck,4.0525,3.9475,4.2275,$ Per Bushel
2026-06-15,Corn,Nebraska,,Truck,3.941,3.7275,4.1575,$ Per Bushel
2026-06-15,Corn,Ohio,,Truck,4.4775,4.2775,4.6775,$ Per Bushel
2026-06-15,Corn,South Dakota,,Truck,3.6017,3.4775,3.8875,$ Per Bushel
2026-06-15,Corn,Wisconsin,,Truck,3.7555,3.6075,3.9375,$ Per Bushel
2026-06-16,Corn,Illinois,,Truck,4.2007,4.035,4.405,$ Per Bushel
2026-06-16,Corn,Indiana,,Truck,4.4128,4.305,4.555,$ Per Bushel
2026-06-16,Corn,Iowa,,Truck,4.0015,3.805,4.145,$ Per Bushel
2026-06-16,Corn,Kansas,,Truck,4.2717,4.225,4.355,$ Per Bushel
2026-06-16,Corn,Michigan,,Truck,4.205,4.035,4.405,$ Per Bushel
2026-06-16,Corn,Minnesota,,Truck,3.76,3.535,3.855,$ Per Bushel
2026-06-16,Corn,Missouri,,Truck,4.08,3.975,4.255,$ Per Bushel
2026-06-16,Corn,Nebraska,,Truck,3.9697,3.785,4.185,$ Per Bushel
2026-06-16,Corn,Ohio,,Truck,4.53,4.305,4.705,$ Per Bushel
2026-06-16,Corn,South Dakota,,Truck,3.6325,3.505,3.915,$ Per Bushel
2026-06-16,Corn,Wisconsin,,Truck,3.787,3.635,3.985,$ Per Bushel
2026-06-17,Corn,Illinois,,Truck,4.1904,4.0375,4.3875,$ Per Bushel
2026-06-17,Corn,Indiana,,Truck,4.4042,4.2875,4.5375,$ Per Bushel
2026-06-17,Corn,Iowa,,Truck,3.9922,3.7875,4.1275,$ Per Bushel
2026-06-17,Corn,Kansas,,Truck,4.2542,4.2075,4.3375,$ Per Bushel
2026-06-17,Corn,Michigan,,Truck,4.1875,4.0175,4.3875,$ Per Bushel
2026-06-17,Corn,Minnesota,,Truck,3.7425,3.5175,3.8375,$ Per Bushel
2026-06-17,Corn,Missouri,,Truck,4.06,3.9475,4.2375,$ Per Bushel
2026-06-17,Corn,Nebraska,,Truck,3.9593,3.7775,4.1675,$ Per Bushel
2026-06-17,Corn,Ohio,,Truck,4.5125,4.2875,4.6875,$ Per Bushel
2026-06-17,Corn,South Dakota,,Truck,3.625,3.4875,3.8975,$ Per Bushel
2026-06-17,Corn,Wisconsin,,Truck,3.7695,3.6175,3.9675,$ Per Bushel
2026-06-18,Corn,Illinois,,Truck,4.2571,4.11,4.45,$ Per Bushel
2026-06-18,Corn,Indiana,,Truck,4.4767,4.36,4.61,$ Per Bushel
2026-06-18,Corn,Iowa,,Truck,4.0729,3.86,4.22,$ Per Bushel
2026-06-18,Corn,Kansas,,Truck,4.36,4.28,4.51,$ Per Bushel
2026-06-18,Corn,Michigan,,Truck,4.26,4.09,4.46,$ Per Bushel
2026-06-18,Corn,Minnesota,,Truck,3.82,3.59,3.91,$ Per Bushel
2026-06-18,Corn,Missouri,,Truck,4.1325,4.0,4.31,$ Per Bushel
2026-06-18,Corn,Nebraska,,Truck,4.0441,3.85,4.24,$ Per Bushel
2026-06-18,Corn,Ohio,,Truck,4.585,4.36,4.76,$ Per Bushel
2026-06-18,Corn,South Dakota,,Truck,3.6975,3.56,3.97,$ Per Bushel
2026-06-18,Corn,Wisconsin,,Truck,3.854,3.73,4.04,$ Per Bushel
2026-06-22,Corn,Illinois,,Truck,4.2207,4.075,4.415,$ Per Bushel
2026-06-22,Corn,Indiana,,Truck,4.4417,4.325,4.575,$ Per Bushel
2026-06-22,Corn,Iowa,,Truck,4.0344,3.825,4.185,$ Per Bushel
2026-06-22,Corn,Kansas,,Truck,4.335,4.255,4.475,$ Per Bushel
2026-06-22,Corn,Michigan,,Truck,4.225,4.055,4.425,$ Per Bushel
2026-06-22,Corn,Minnesota,,Truck,3.785,3.555,3.875,$ Per Bushel
2026-06-22,Corn,Missouri,,Truck,4.0975,3.965,4.275,$ Per Bushel
2026-06-22,Corn,Nebraska,,Truck,4.0221,3.815,4.235,$ Per Bushel
2026-06-22,Corn,Ohio,,Truck,4.55,4.325,4.725,$ Per Bushel
2026-06-22,Corn,South Dakota,,Truck,3.6667,3.525,3.935,$ Per Bushel
2026-06-22,Corn,Wisconsin,,Truck,3.819,3.695,4.005,$ Per Bushel
2026-06-23,Corn,Illinois,,Truck,4.1664,4.015,4.385,$ Per Bushel
2026-06-23,Corn,Indiana,,Truck,4.3817,4.265,4.515,$ Per Bushel
2026-06-23,Corn,Iowa,,Truck,3.9797,3.765,4.125,$ Per Bushel
2026-06-23,Corn,Kansas,,Truck,4.275,4.195,4.415,$ Per Bushel
2026-06-23,Corn,Michigan,,Truck,4.165,3.995,4.365,$ Per Bushel
2026-06-23,Corn,Minnesota,,Truck,3.735,3.495,3.815,$ Per Bushel
2026-06-23,Corn,Missouri,,Truck,4.045,3.915,4.215,$ Per Bushel
2026-06-23,Corn,Nebraska,,Truck,3.9691,3.775,4.175,$ Per Bushel
2026-06-23,Corn,Ohio,,Truck,4.5017,4.315,4.665,$ Per Bushel
2026-06-23,Corn,South Dakota,,Truck,3.6142,3.465,3.905,$ Per Bushel
2026-06-23,Corn,Wisconsin,,Truck,3.759,3.635,3.945,$ Per Bushel
2026-06-24,Corn,Illinois,,Truck,4.1589,3.9975,4.3675,$ Per Bushel
2026-06-24,Corn,Indiana,,Truck,4.3553,4.2475,4.4975,$ Per Bushel
2026-06-24,Corn,Iowa,,Truck,3.9681,3.7475,4.1075,$ Per Bushel
2026-06-24,Corn,Kansas,,Truck,4.2742,4.1775,4.3475,$ Per Bushel
2026-06-24,Corn,Michigan,,Truck,4.1475,3.9775,4.3475,$ Per Bushel
2026-06-24,Corn,Minnesota,,Truck,3.7175,3.4775,3.7975,$ Per Bushel
2026-06-24,Corn,Missouri,,Truck,4.0275,3.8975,4.1975,$ Per Bushel
2026-06-24,Corn,Nebraska,,Truck,3.964,3.7575,4.1575,$ Per Bushel
2026-06-24,Corn,Ohio,,Truck,4.4758,4.2975,4.6475,$ Per Bushel
2026-06-24,Corn,South Dakota,,Truck,3.6033,3.4475,3.9075,$ Per Bushel
2026-06-24,Corn,Wisconsin,,Truck,3.7555,3.6175,3.9475,$ Per Bushel
2026-06-25,Corn,Illinois,,Truck,4.1329,3.97,4.36,$ Per Bushel
2026-06-25,Corn,Indiana,,Truck,4.3389,4.27,4.52,$ Per Bushel
2026-06-25,Corn,Iowa,,Truck,3.9513,3.85,4.05,$ Per Bushel
2026-06-25,Corn,Kansas,,Truck,4.2467,4.15,4.32,$ Per Bushel
2026-06-25,Corn,Michigan,,Truck,4.1355,3.99,4.32,$ Per Bushel
2026-06-25,Corn,Minnesota,,Truck,3.7,3.49,3.77,$ Per Bushel
2026-06-25,Corn,Missouri,,Truck,4.0,3.87,4.17,$ Per Bushel
2026-06-25,Corn,Nebraska,,Truck,3.9441,3.77,4.13,$ Per Bushel
2026-06-25,Corn,Ohio,,Truck,4.4483,4.27,4.62,$ Per Bushel
2026-06-25,Corn,South Dakota,,Truck,3.5792,3.42,3.88,$ Per Bushel
2026-06-25,Corn,Wisconsin,,Truck,3.736,3.59,3.92,$ Per Bushel
2026-06-26,Corn,Illinois,,Truck,4.2225,4.0475,4.4475,$ Per Bushel
2026-06-26,Corn,Indiana,,Truck,4.4325,4.3475,4.5975,$ Per Bushel
2026-06-26,Corn,Iowa,,Truck,4.0366,3.8425,4.1575,$ Per Bushel
2026-06-26,Corn,Kansas,,Truck,4.3242,4.2275,4.3975,$ Per Bushel
2026-06-26,Corn,Michigan,,Truck,4.2145,4.0675,4.3975,$ Per Bushel
2026-06-26,Corn,Minnesota,,Truck,3.7825,3.5675,3.8475,$ Per Bushel
2026-06-26,Corn,Missouri,,Truck,4.0725,3.9475,4.2475,$ Per Bushel
2026-06-26,Corn,Nebraska,,Truck,4.044,3.8475,4.2425,$ Per Bushel
2026-06-26,Corn,Ohio,,Truck,4.5258,4.3475,4.6975,$ Per Bushel
2026-06-26,Corn,South Dakota,,Truck,3.6567,3.4975,3.9575,$ Per Bushel
2026-06-26,Corn,Wisconsin,,Truck,3.8135,3.6675,3.9975,$ Per Bushel
2026-06-29,Corn,Illinois,,Truck,4.2089,4.0275,4.4475,$ Per Bushel
2026-06-29,Corn,Indiana,,Truck,4.4197,4.3275,4.5775,$ Per Bushel
2026-06-29,Corn,Iowa,,Truck,4.0187,3.8175,4.1175,$ Per Bushel
2026-06-29,Corn,Kansas,,Truck,4.3442,4.2075,4.4975,$ Per Bushel
2026-06-29,Corn,Michigan,,Truck,4.2015,4.0475,4.4175,$ Per Bushel
2026-06-29,Corn,Minnesota,,Truck,3.7642,3.5475,3.8375,$ Per Bushel
2026-06-29,Corn,Missouri,,Truck,4.045,3.9275,4.2275,$ Per Bushel
2026-06-29,Corn,Nebraska,,Truck,4.0293,3.8275,4.2175,$ Per Bushel
2026-06-29,Corn,Ohio,,Truck,4.5075,4.3275,4.6775,$ Per Bushel
2026-06-29,Corn,South Dakota,,Truck,3.6508,3.4775,3.9375,$ Per Bushel
2026-06-29,Corn,Wisconsin,,Truck,3.7935,3.6475,3.9775,$ Per Bushel
2026-06-30,Corn,Illinois,,Truck,4.1068,3.92,4.38,$ Per Bushel
2026-06-30,Corn,Indiana,,Truck,4.3108,4.22,4.47,$ Per Bushel
2026-06-30,Corn,Iowa,,Truck,3.9119,3.7025,4.0325,$ Per Bushel
2026-06-30,Corn,Kansas,,Truck,4.245,4.1125,4.4025,$ Per Bushel
2026-06-30,Corn,Michigan,,Truck,4.0895,3.94,4.3025,$ Per Bushel
2026-06-30,Corn,Minnesota,,Truck,3.6646,3.44,3.7225,$ Per Bushel
2026-06-30,Corn,Missouri,,Truck,3.9331,3.82,4.1025,$ Per Bushel
2026-06-30,Corn,Nebraska,,Truck,3.9497,3.7225,4.1525,$ Per Bushel
2026-06-30,Corn,Ohio,,Truck,4.4058,4.22,4.57,$ Per Bushel
2026-06-30,Corn,South Dakota,,Truck,3.5652,3.37,3.83,$ Per Bushel
2026-06-30,Corn,Wisconsin,,Truck,3.7135,3.5625,3.8625,$ Per Bushel
2026-07-01,Corn,Illinois,,Truck,4.2061,4.0375,4.5275,$ Per Bushel
2026-07-01,Corn,Indiana,,Truck,4.4008,4.3075,4.5675,$ Per Bushel
2026-07-01,Corn,Iowa,,Truck,3.9929,3.8575,4.1075,$ Per Bushel
2026-07-01,Corn,Kansas,,Truck,4.3542,4.1775,4.4675,$ Per Bushel
2026-07-01,Corn,Michigan,,Truck,4.1715,4.0475,4.3675,$ Per Bushel
2026-07-01,Corn,Minnesota,,Truck,3.7408,3.5475,3.7875,$ Per Bushel
2026-07-01,Corn,Missouri,,Truck,4.0425,3.9275,4.2175,$ Per Bushel
2026-07-01,Corn,Nebraska,,Truck,4.0122,3.7875,4.2175,$ Per Bushel
2026-07-01,Corn,Ohio,,Truck,4.5108,4.3275,4.7175,$ Per Bushel
2026-07-01,Corn,South Dakota,,Truck,3.6475,3.4675,3.9075,$ Per Bushel
2026-07-01,Corn,Wisconsin,,Truck,3.7915,3.6275,3.9775,$ Per Bushel
2026-07-02,Corn,Illinois,,Truck,4.2993,4.0975,4.5975,$ Per Bushel
2026-07-02,Corn,Indiana,,Truck,4.4667,4.3675,4.6275,$ Per Bushel
2026-07-02,Corn,Iowa,,Truck,4.0522,3.9175,4.1275,$ Per Bushel
2026-07-02,Corn,Kansas,,Truck,4.4142,4.2375,4.5275,$ Per Bushel
2026-07-02,Corn,Michigan,,Truck,4.206,3.8775,4.4275,$ Per Bushel
2026-07-02,Corn,Minnesota,,Truck,3.8092,3.6275,3.8775,$ Per Bushel
2026-07-02,Corn,Missouri,,Truck,4.1025,3.9875,4.2775,$ Per Bushel
2026-07-02,Corn,Nebraska,,Truck,4.0704,3.8475,4.2775,$ Per Bushel
2026-07-02,Corn,Ohio,,Truck,4.5942,4.4275,4.7775,$ Per Bushel
2026-07-02,Corn,South Dakota,,Truck,3.7158,3.5275,3.9675,$ Per Bushel
2026-07-02,Corn,Wisconsin,,Truck,3.8475,3.6275,4.0575,$ Per Bushel
2026-07-06,Corn,Illinois,,Truck,4.3086,4.1,4.63,$ Per Bushel
2026-07-06,Corn,Indiana,,Truck,4.4767,4.37,4.68,$ Per Bushel
2026-07-06,Corn,Iowa,,Truck,4.0623,3.96,4.2,$ Per Bushel
2026-07-06,Corn,Kansas,,Truck,4.41,4.22,4.53,$ Per Bushel
2026-07-06,Corn,Michigan,,Truck,4.3075,4.18,4.48,$ Per Bushel
2026-07-06,Corn,Minnesota,,Truck,3.8117,3.63,3.88,$ Per Bushel
2026-07-06,Corn,Missouri,,Truck,4.11,3.99,4.28,$ Per Bushel
2026-07-06,Corn,Nebraska,,Truck,4.08,3.85,4.28,$ Per Bushel
2026-07-06,Corn,Ohio,,Truck,4.5967,4.43,4.78,$ Per Bushel
2026-07-06,Corn,South Dakota,,Truck,3.71,3.53,3.93,$ Per Bushel
2026-07-06,Corn,Wisconsin,,Truck,3.85,3.63,4.06,$ Per Bushel
2026-07-07,Corn,Illinois,,Truck,4.4782,4.2525,4.8025,$ Per Bushel
2026-07-07,Corn,Indiana,,Truck,4.6292,4.5225,4.8325,$ Per Bushel
2026-07-07,Corn,Iowa,,Truck,4.1966,4.0725,4.3025,$ Per Bushel
2026-07-07,Corn,Kansas,,Truck,4.5625,4.3725,4.6825,$ Per Bushel
2026-07-07,Corn,Michigan,,Truck,4.46,4.3325,4.6325,$ Per Bushel
2026-07-07,Corn,Minnesota,,Truck,3.9608,3.7825,4.0325,$ Per Bushel
2026-07-07,Corn,Missouri,,Truck,4.2525,4.1425,4.4325,$ Per Bushel
2026-07-07,Corn,Nebraska,,Truck,4.2284,4.0025,4.4325,$ Per Bushel
2026-07-07,Corn,Ohio,,Truck,4.7625,4.5825,4.9325,$ Per Bushel
2026-07-07,Corn,South Dakota,,Truck,3.8517,3.6825,4.0425,$ Per Bushel
2026-07-07,Corn,Wisconsin,,Truck,4.0025,3.7825,4.2125,$ Per Bushel
2026-07-08,Corn,Illinois,,Truck,4.5332,4.3075,4.8575,$ Per Bushel
2026-07-08,Corn,Indiana,,Truck,4.6842,4.5775,4.8875,$ Per Bushel
2026-07-08,Corn,Iowa,,Truck,4.2475,4.0875,4.3575,$ Per Bushel
2026-07-08,Corn,Kansas,,Truck,4.6042,4.3875,4.7375,$ Per Bushel
2026-07-08,Corn,Michigan,,Truck,4.5,4.3875,4.6875,$ Per Bushel
2026-07-08,Corn,Minnesota,,Truck,4.0125,3.8375,4.0875,$ Per Bushel
2026-07-08,Corn,Missouri,,Truck,4.3225,4.1975,4.5175,$ Per Bushel
2026-07-08,Corn,Nebraska,,Truck,4.2787,4.0975,4.4875,$ Per Bushel
2026-07-08,Corn,Ohio,,Truck,4.8092,4.5875,4.9875,$ Per Bushel
2026-07-08,Corn,South Dakota,,Truck,3.9033,3.7375,4.0975,$ Per Bushel
2026-07-08,Corn,Wisconsin,,Truck,4.0615,3.8375,4.2675,$ Per Bushel
2026-07-09,Corn,Illinois,,Truck,4.4457,4.22,4.77,$ Per Bushel
2026-07-09,Corn,Indiana,,Truck,4.5967,4.49,4.8,$ Per Bushel
2026-07-09,Corn,Iowa,,Truck,4.16,4.0,4.27,$ Per Bushel
2026-07-09,Corn,Kansas,,Truck,4.5167,4.3,4.65,$ Per Bushel
2026-07-09,Corn,Michigan,,Truck,4.4125,4.3,4.6,$ Per Bushel
2026-07-09,Corn,Minnesota,,Truck,3.925,3.75,4.0,$ Per Bushel
2026-07-09,Corn,Missouri,,Truck,4.235,4.11,4.43,$ Per Bushel
2026-07-09,Corn,Nebraska,,Truck,4.1912,4.01,4.4,$ Per Bushel
2026-07-09,Corn,Ohio,,Truck,4.7217,4.5,4.9,$ Per Bushel
2026-07-09,Corn,South Dakota,,Truck,3.8158,3.65,4.01,$ Per Bushel
2026-07-09,Corn,Wisconsin,,Truck,3.974,3.75,4.18,$ Per Bushel
2026-07-10,Corn,Illinois,,Truck,4.4193,4.185,4.725,$ Per Bushel
2026-07-10,Corn,Indiana,,Truck,4.5583,4.465,4.715,$ Per Bushel
2026-07-10,Corn,Iowa,,Truck,4.125,3.965,4.235,$ Per Bushel
2026-07-10,Corn,Kansas,,Truck,4.475,4.245,4.615,$ Per Bushel
2026-07-10,Corn,Michigan,,Truck,4.355,4.265,4.565,$ Per Bushel
2026-07-10,Corn,Minnesota,,Truck,3.89,3.715,3.965,$ Per Bushel
2026-07-10,Corn,Missouri,,Truck,4.2,4.075,4.395,$ Per Bushel
2026-07-10,Corn,Nebraska,,Truck,4.1574,3.965,4.365,$ Per Bushel
2026-07-10,Corn,Ohio,,Truck,4.6867,4.465,4.865,$ Per Bushel
2026-07-10,Corn,South Dakota,,Truck,3.7825,3.615,3.995,$ Per Bushel
2026-07-10,Corn,Wisconsin,,Truck,3.939,3.715,4.145,$ Per Bushel
2026-07-13,Corn,Illinois,,Truck,4.4993,4.265,4.795,$ Per Bushel
2026-07-13,Corn,Indiana,,Truck,4.6383,4.545,4.795,$ Per Bushel
2026-07-13,Corn,Iowa,,Truck,4.2056,4.045,4.315,$ Per Bushel
2026-07-13,Corn,Kansas,,Truck,4.555,4.325,4.695,$ Per Bushel
2026-07-13,Corn,Michigan,,Truck,4.435,4.345,4.645,$ Per Bushel
2026-07-13,Corn,Minnesota,,Truck,3.97,3.795,4.045,$ Per Bushel
2026-07-13,Corn,Missouri,,Truck,4.28,4.155,4.475,$ Per Bushel
2026-07-13,Corn,Nebraska,,Truck,4.2403,4.045,4.495,$ Per Bushel
2026-07-13,Corn,Ohio,,Truck,4.7667,4.545,4.945,$ Per Bushel
2026-07-13,Corn,South Dakota,,Truck,3.8625,3.695,4.095,$ Per Bushel
2026-07-13,Corn,Wisconsin,,Truck,4.019,3.795,4.225,$ Per Bushel
2026-07-14,Corn,Illinois,,Truck,4.5157,4.28,4.81,$ Per Bushel
2026-07-14,Corn,Indiana,,Truck,4.6622,4.56,4.86,$ Per Bushel
2026-07-14,Corn,Iowa,,Truck,4.2147,4.01,4.33,$ Per Bushel
2026-07-14,Corn,Kansas,,Truck,4.6033,4.34,4.81,$ Per Bushel
2026-07-14,Corn,Michigan,,Truck,4.45,4.36,4.66,$ Per Bushel
2026-07-14,Corn,Minnesota,,Truck,3.9783,3.79,4.06,$ Per Bushel
2026-07-14,Corn,Missouri,,Truck,4.2875,4.17,4.44,$ Per Bushel
2026-07-14,Corn,Nebraska,,Truck,4.2518,4.06,4.51,$ Per Bushel
2026-07-14,Corn,Ohio,,Truck,4.7817,4.56,4.96,$ Per Bushel
2026-07-14,Corn,South Dakota,,Truck,3.8725,3.71,4.13,$ Per Bushel
2026-07-14,Corn,Wisconsin,,Truck,4.034,3.81,4.24,$ Per Bushel
2026-07-15,Corn,Illinois,,Truck,4.5007,4.275,4.805,$ Per Bushel
2026-07-15,Corn,Indiana,,Truck,4.6372,4.535,4.835,$ Per Bushel
2026-07-15,Corn,Iowa,,Truck,4.2081,4.115,4.335,$ Per Bushel
2026-07-15,Corn,Kansas,,Truck,4.5783,4.315,4.785,$ Per Bushel
2026-07-15,Corn,Michigan,,Truck,4.415,4.335,4.585,$ Per Bushel
2026-07-15,Corn,Minnesota,,Truck,3.9533,3.765,4.035,$ Per Bushel
2026-07-15,Corn,Missouri,,Truck,4.2625,4.145,4.415,$ Per Bushel
2026-07-15,Corn,Nebraska,,Truck,4.2256,4.035,4.485,$ Per Bushel
2026-07-15,Corn,Ohio,,Truck,4.7567,4.535,4.935,$ Per Bushel
2026-07-15,Corn,South Dakota,,Truck,3.85,3.685,4.115,$ Per Bushel
2026-07-15,Corn,Wisconsin,,Truck,3.993,3.785,4.135,$ Per Bushel
2026-07-16,Corn,Illinois,,Truck,4.5807,4.385,4.855,$ Per Bushel
2026-07-16,Corn,Indiana,,Truck,4.7328,4.625,4.925,$ Per Bushel
2026-07-16,Corn,Iowa,,Truck,4.2774,4.075,4.395,$ Per Bushel
2026-07-16,Corn,Kansas,,Truck,4.6517,4.355,4.875,$ Per Bushel
2026-07-16,Corn,Michigan,,Truck,4.515,4.425,4.675,$ Per Bushel
2026-07-16,Corn,Minnesota,,Truck,4.0383,3.825,4.125,$ Per Bushel
2026-07-16,Corn,Missouri,,Truck,4.3525,4.235,4.505,$ Per Bushel
2026-07-16,Corn,Nebraska,,Truck,4.305,4.115,4.575,$ Per Bushel
2026-07-16,Corn,Ohio,,Truck,4.825,4.625,4.925,$ Per Bushel
2026-07-16,Corn,South Dakota,,Truck,3.9383,3.775,4.205,$ Per Bushel
2026-07-16,Corn,Wisconsin,,Truck,4.067,3.875,4.175,$ Per Bushel
2026-07-17,Corn,Illinois,,Truck,4.5221,4.325,4.795,$ Per Bushel
2026-07-17,Corn,Indiana,,Truck,4.6694,4.565,4.865,$ Per Bushel
2026-07-17,Corn,Iowa,,Truck,4.215,4.015,4.315,$ Per Bushel
2026-07-17,Corn,Kansas,,Truck,4.5917,4.295,4.815,$ Per Bushel
2026-07-17,Corn,Michigan,,Truck,4.445,4.365,4.615,$ Per Bushel
2026-07-17,Corn,Minnesota,,Truck,3.9667,3.745,4.065,$ Per Bushel
2026-07-17,Corn,Missouri,,Truck,4.285,4.175,4.415,$ Per Bushel
2026-07-17,Corn,Nebraska,,Truck,4.2421,4.055,4.515,$ Per Bushel
2026-07-17,Corn,Ohio,,Truck,4.765,4.565,4.865,$ Per Bushel
2026-07-17,Corn,South Dakota,,Truck,3.8783,3.715,4.145,$ Per Bushel
2026-07-17,Corn,Wisconsin,,Truck,4.027,3.815,4.165,$ Per Bushel
2026-07-20,Corn,Illinois,,Truck,4.5546,4.3575,4.8275,$ Per Bushel
2026-07-20,Corn,Indiana,,Truck,4.6853,4.5975,4.8475,$ Per Bushel
2026-07-20,Corn,Iowa,,Truck,4.2487,4.0475,4.3475,$ Per Bushel
2026-07-20,Corn,Kansas,,Truck,4.6142,4.2975,4.8475,$ Per Bushel
2026-07-20,Corn,Michigan,,Truck,4.4775,4.3975,4.6475,$ Per Bushel
2026-07-20,Corn,Minnesota,,Truck,3.9992,3.7775,4.0975,$ Per Bushel
2026-07-20,Corn,Missouri,,Truck,4.315,4.2075,4.4475,$ Per Bushel
2026-07-20,Corn,Nebraska,,Truck,4.2699,4.0475,4.4975,$ Per Bushel
2026-07-20,Corn,Ohio,,Truck,4.7892,4.5975,4.8975,$ Per Bushel
2026-07-20,Corn,South Dakota,,Truck,3.9183,3.7475,4.1775,$ Per Bushel
2026-07-20,Corn,Wisconsin,,Truck,4.0695,3.8475,4.2475,$ Per Bushel
2026-07-21,Corn,Illinois,,Truck,4.605,4.405,4.895,$ Per Bushel
2026-07-21,Corn,Indiana,,Truck,4.7328,4.645,4.895,$ Per Bushel
2026-07-21,Corn,Iowa,,Truck,4.2956,4.095,4.395,$ Per Bushel
2026-07-21,Corn,Kansas,,Truck,4.6617,4.345,4.895,$ Per Bushel
2026-07-21,Corn,Michigan,,Truck,4.525,4.445,4.695,$ Per Bushel
2026-07-21,Corn,Minnesota,,Truck,4.0467,3.825,4.145,$ Per Bushel
2026-07-21,Corn,Missouri,,Truck,4.3625,4.255,4.495,$ Per Bushel
2026-07-21,Corn,Nebraska,,Truck,4.3174,4.095,4.545,$ Per Bushel
2026-07-21,Corn,Ohio,,Truck,4.8283,4.645,4.945,$ Per Bushel
2026-07-21,Corn,South Dakota,,Truck,3.9667,3.795,4.235,$ Per Bushel
2026-07-21,Corn,Wisconsin,,Truck,4.117,3.895,4.295,$ Per Bushel
2026-07-22,Corn,Illinois,,Truck,4.6332,4.4375,4.9175,$ Per Bushel
2026-07-22,Corn,Indiana,,Truck,4.7653,4.6775,4.9275,$ Per Bushel
2026-07-22,Corn,Iowa,,Truck,4.3263,4.1275,4.4275,$ Per Bushel
2026-07-22,Corn,Kansas,,Truck,4.6942,4.3775,4.9275,$ Per Bushel
2026-07-22,Corn,Michigan,,Truck,4.5575,4.4775,4.7275,$ Per Bushel
2026-07-22,Corn,Minnesota,,Truck,4.0742,3.8275,4.1775,$ Per Bushel
2026-07-22,Corn,Missouri,,Truck,4.385,4.2875,4.5275,$ Per Bushel
2026-07-22,Corn,Nebraska,,Truck,4.3463,4.1275,4.5775,$ Per Bushel
2026-07-22,Corn,Ohio,,Truck,4.8608,4.6775,4.9775,$ Per Bushel
2026-07-22,Corn,South Dakota,,Truck,4.0075,3.8775,4.2875,$ Per Bushel
2026-07-22,Corn,Wisconsin,,Truck,4.1495,3.9275,4.3275,$ Per Bushel
2026-07-23,Corn,Illinois,,Truck,4.6986,4.5,4.95,$ Per Bushel
2026-07-23,Corn,Indiana,,Truck,4.8578,4.77,5.02,$ Per Bushel
2026-07-23,Corn,Iowa,,Truck,4.4185,4.29,4.5,$ Per Bushel
2026-07-23,Corn,Kansas,,Truck,4.7733,4.45,5.0,$ Per Bushel
2026-07-23,Corn,Michigan,,Truck,4.65,4.57,4.82,$ Per Bushel
2026-07-23,Corn,Minnesota,,Truck,4.1633,3.92,4.27,$ Per Bushel
2026-07-23,Corn,Missouri,,Truck,4.47,4.37,4.62,$ Per Bushel
2026-07-23,Corn,Nebraska,,Truck,4.4376,4.22,4.67,$ Per Bushel
2026-07-23,Corn,Ohio,,Truck,4.9117,4.77,4.97,$ Per Bushel
2026-07-23,Corn,South Dakota,,Truck,4.1008,3.95,4.38,$ Per Bushel
2026-07-23,Corn,Wisconsin,,Truck,4.234,4.02,4.42,$ Per Bushel
2026-07-24,Corn,Illinois,,Truck,4.7129,4.52,4.97,$ Per Bushel
2026-07-24,Corn,Indiana,,Truck,4.8722,4.78,5.04,$ Per Bushel
2026-07-24,Corn,Iowa,,Truck,4.4315,4.31,4.51,$ Per Bushel
2026-07-24,Corn,Kansas,,Truck,4.705,4.44,5.02,$ Per Bushel
2026-07-24,Corn,Michigan,,Truck,4.66,4.59,4.84,$ Per Bushel
2026-07-24,Corn,Minnesota,,Truck,4.18,3.94,4.29,$ Per Bushel
2026-07-24,Corn,Missouri,,Truck,4.4725,4.34,4.64,$ Per Bushel
2026-07-24,Corn,Nebraska,,Truck,4.4565,4.24,4.69,$ Per Bushel
2026-07-24,Corn,Ohio,,Truck,4.895,4.79,4.94,$ Per Bushel
2026-07-24,Corn,South Dakota,,Truck,4.1208,3.95,4.41,$ Per Bushel
2026-07-24,Corn,Wisconsin,,Truck,4.24,4.04,4.44,$ Per Bushel
2026-07-27,Corn,Illinois,,Truck,4.7096,4.5125,4.9725,$ Per Bushel
2026-07-27,Corn,Indiana,,Truck,4.8669,4.7825,5.0425,$ Per Bushel
2026-07-27,Corn,Iowa,,Truck,4.4254,4.1925,4.5225,$ Per Bushel
2026-07-27,Corn,Kansas,,Truck,4.7075,4.4425,5.0225,$ Per Bushel
2026-07-27,Corn,Michigan,,Truck,4.6625,4.5925,4.8425,$ Per Bushel
2026-07-27,Corn,Minnesota,,Truck,4.1825,3.9425,4.2925,$ Per Bushel
2026-07-27,Corn,Missouri,,Truck,4.475,4.3425,4.6425,$ Per Bushel
2026-07-27,Corn,Nebraska,,Truck,4.4631,4.2425,4.6925,$ Per Bushel
2026-07-27,Corn,Ohio,,Truck,4.8975,4.7925,4.9425,$ Per Bushel
2026-07-27,Corn,South Dakota,,Truck,4.125,3.9725,4.4125,$ Per Bushel
2026-07-27,Corn,Wisconsin,,Truck,4.2525,4.0425,4.4425,$ Per Bushel
2026-07-28,Corn,Illinois,,Truck,4.5846,4.3875,4.8475,$ Per Bushel
2026-07-28,Corn,Indiana,,Truck,4.7397,4.6375,4.9175,$ Per Bushel
2026-07-28,Corn,Iowa,,Truck,4.3013,4.1875,4.3875,$ Per Bushel
2026-07-28,Corn,Kansas,,Truck,4.5825,4.3175,4.8975,$ Per Bushel
2026-07-28,Corn,Michigan,,Truck,4.5375,4.4675,4.7175,$ Per Bushel
2026-07-28,Corn,Minnesota,,Truck,4.0575,3.8175,4.1675,$ Per Bushel
2026-07-28,Corn,Missouri,,Truck,4.3425,4.2175,4.4675,$ Per Bushel
2026-07-28,Corn,Nebraska,,Truck,4.3363,4.1175,4.5675,$ Per Bushel
2026-07-28,Corn,Ohio,,Truck,4.7725,4.6675,4.8175,$ Per Bushel
2026-07-28,Corn,South Dakota,,Truck,4.0042,3.8475,4.3175,$ Per Bushel
2026-07-28,Corn,Wisconsin,,Truck,4.1175,3.9175,4.3175,$ Per Bushel
2026-07-29,Corn,Illinois,,Truck,4.6493,4.435,4.915,$ Per Bushel
2026-07-29,Corn,Indiana,,Truck,4.8094,4.705,4.985,$ Per Bushel
2026-07-29,Corn,Iowa,,Truck,4.3732,4.135,4.505,$ Per Bushel
2026-07-29,Corn,Kansas,,Truck,4.65,4.385,4.965,$ Per Bushel
2026-07-29,Corn,Michigan,,Truck,4.595,4.535,4.735,$ Per Bushel
2026-07-29,Corn,Minnesota,,Truck,4.125,3.885,4.235,$ Per Bushel
2026-07-29,Corn,Missouri,,Truck,4.4175,4.285,4.535,$ Per Bushel
2026-07-29,Corn,Nebraska,,Truck,4.4074,4.185,4.635,$ Per Bushel
2026-07-29,Corn,Ohio,,Truck,4.8267,4.735,4.885,$ Per Bushel
2026-07-29,Corn,South Dakota,,Truck,4.0775,3.925,4.385,$ Per Bushel
2026-07-29,Corn,Wisconsin,,Truck,4.185,3.985,4.385,$ Per Bushel
2026-07-30,Corn,Illinois,,Truck,4.5571,4.34,4.82,$ Per Bushel
2026-07-30,Corn,Indiana,,Truck,4.7178,4.61,4.89,$ Per Bushel
2026-07-30,Corn,Iowa,,Truck,4.2788,4.04,4.41,$ Per Bushel
2026-07-30,Corn,Kansas,,Truck,4.555,4.29,4.87,$ Per Bushel
2026-07-30,Corn,Michigan,,Truck,4.5,4.44,4.64,$ Per Bushel
2026-07-30,Corn,Minnesota,,Truck,4.0367,3.79,4.14,$ Per Bushel
2026-07-30,Corn,Missouri,,Truck,4.3225,4.19,4.44,$ Per Bushel
2026-07-30,Corn,Nebraska,,Truck,4.3124,4.09,4.54,$ Per Bushel
2026-07-30,Corn,Ohio,,Truck,4.7233,4.64,4.79,$ Per Bushel
2026-07-30,Corn,South Dakota,,Truck,3.9842,3.84,4.29,$ Per Bushel
2026-07-30,Corn,Wisconsin,,Truck,4.09,3.89,4.29,$ Per Bushel
2026-07-31,Corn,Illinois,,Truck,4.5161,4.2975,4.7875,$ Per Bushel
2026-07-31,Corn,Indiana,,Truck,4.6931,4.5775,4.8575,$ Per Bushel
2026-07-31,Corn,Iowa,,Truck,4.2406,4.1275,4.2875,$ Per Bushel
2026-07-31,Corn,Kansas,,Truck,4.5225,4.2575,4.8375,$ Per Bushel
2026-07-31,Corn,Michigan,,Truck,4.47,4.4075,4.6075,$ Per Bushel
2026-07-31,Corn,Minnesota,,Truck,4.0092,3.8075,4.1075,$ Per Bushel
2026-07-31,Corn,Missouri,,Truck,4.2875,4.1475,4.4075,$ Per Bushel
2026-07-31,Corn,Nebraska,,Truck,4.2834,4.0675,4.5075,$ Per Bushel
2026-07-31,Corn,Ohio,,Truck,4.6825,4.6075,4.7575,$ Per Bushel
2026-07-31,Corn,South Dakota,,Truck,3.9608,3.8075,4.2575,$ Per Bushel
2026-07-31,Corn,Wisconsin,,Truck,4.0575,3.8575,4.2575,$ Per Bushel
2026-08-03,Corn,Illinois,,Truck,4.4632,4.2475,4.6875,$ Per Bushel
2026-08-03,Corn,Indiana,,Truck,4.6453,4.5275,4.7575,$ Per Bushel
2026-08-03,Corn,Iowa,,Truck,4.2146,4.0075,4.3275,$ Per Bushel
2026-08-03,Corn,Kansas,,Truck,4.4775,4.2075,4.8075,$ Per Bushel
2026-08-03,Corn,Michigan,,Truck,4.4625,4.3575,4.5775,$ Per Bushel
2026-08-03,Corn,Minnesota,,Truck,4.0095,3.9875,4.0575,$ Per Bushel
2026-08-03,Corn,Missouri,,Truck,4.255,4.0975,4.4275,$ Per Bushel
2026-08-03,Corn,Nebraska,,Truck,4.2551,4.0175,4.5575,$ Per Bushel
2026-08-03,Corn,Ohio,,Truck,4.6558,4.5575,4.7575,$ Per Bushel
2026-08-03,Corn,South Dakota,,Truck,3.9208,3.7575,4.2275,$ Per Bushel
2026-08-03,Corn,Wisconsin,,Truck,4.0495,3.9075,4.2675,$ Per Bushel
2026-08-04,Corn,Illinois,,Truck,4.5511,4.3325,4.7725,$ Per Bushel
2026-08-04,Corn,Indiana,,Truck,4.7303,4.6125,4.8425,$ Per Bushel
2026-08-04,Corn,Iowa,,Truck,4.2979,4.1925,4.3925,$ Per Bushel
2026-08-04,Corn,Kansas,,Truck,4.495,4.0525,4.8925,$ Per Bushel
2026-08-04,Corn,Michigan,,Truck,4.5475,4.4425,4.6625,$ Per Bushel
2026-08-04,Corn,Minnesota,,Truck,4.0945,4.0725,4.1425,$ Per Bushel
2026-08-04,Corn,Missouri,,Truck,4.34,4.1825,4.5125,$ Per Bushel
2026-08-04,Corn,Nebraska,,Truck,4.3437,4.1025,4.6425,$ Per Bushel
2026-08-04,Corn,Ohio,,Truck,4.7575,4.6425,4.8425,$ Per Bushel
2026-08-04,Corn,South Dakota,,Truck,4.0058,3.8425,4.3125,$ Per Bushel
2026-08-04,Corn,Wisconsin,,Truck,4.1345,3.9725,4.3525,$ Per Bushel
2026-08-05,Corn,Illinois,,Truck,4.4754,4.2625,4.7025,$ Per Bushel
2026-08-05,Corn,Indiana,,Truck,4.6581,4.5225,4.7725,$ Per Bushel
2026-08-05,Corn,Iowa,,Truck,4.236,4.0225,4.3425,$ Per Bushel
2026-08-05,Corn,Kansas,,Truck,4.425,3.9825,4.8225,$ Per Bushel
2026-08-05,Corn,Michigan,,Truck,4.4775,4.3725,4.5925,$ Per Bushel
2026-08-05,Corn,Minnesota,,Truck,4.0205,4.0025,4.0725,$ Per Bushel
2026-08-05,Corn,Missouri,,Truck,4.27,4.1125,4.4425,$ Per Bushel
2026-08-05,Corn,Nebraska,,Truck,4.2749,4.0325,4.5725,$ Per Bushel
2026-08-05,Corn,Ohio,,Truck,4.6875,4.5725,4.7725,$ Per Bushel
2026-08-05,Corn,South Dakota,,Truck,3.9392,3.7725,4.2425,$ Per Bushel
2026-08-05,Corn,Wisconsin,,Truck,4.0645,3.9025,4.2825,$ Per Bushel
2026-08-06,Corn,Illinois,,Truck,4.4018,4.1575,4.6175,$ Per Bushel
2026-08-06,Corn,Indiana,,Truck,4.5953,4.4675,4.7175,$ Per Bushel
2026-08-06,Corn,Iowa,,Truck,4.1828,3.9675,4.2875,$ Per Bushel
2026-08-06,Corn,Kansas,,Truck,4.37,3.9275,4.7675,$ Per Bushel
2026-08-06,Corn,Michigan,,Truck,4.4115,4.3175,4.5375,$ Per Bushel
2026-08-06,Corn,Minnesota,,Truck,3.9655,3.9475,4.0175,$ Per Bushel
2026-08-06,Corn,Missouri,,Truck,4.21,4.0575,4.3675,$ Per Bushel
2026-08-06,Corn,Nebraska,,Truck,4.2199,3.9775,4.5175,$ Per Bushel
2026-08-06,Corn,Ohio,,Truck,4.6375,4.5175,4.7175,$ Per Bushel
2026-08-06,Corn,South Dakota,,Truck,3.8967,3.7175,4.1875,$ Per Bushel
2026-08-06,Corn,Wisconsin,,Truck,4.0095,3.8475,4.2275,$ Per Bushel
2026-08-07,Corn,Illinois,,Truck,4.42,4.18,4.64,$ Per Bushel
2026-08-07,Corn,Indiana,,Truck,4.6278,4.49,4.77,$ Per Bushel
2026-08-07,Corn,Iowa,,Truck,4.2135,3.99,4.31,$ Per Bushel
2026-08-07,Corn,Kansas,,Truck,4.3925,3.95,4.79,$ Per Bushel
2026-08-07,Corn,Michigan,,Truck,4.454,4.39,4.56,$ Per Bushel
2026-08-07,Corn,Minnesota,,Truck,3.996,3.97,4.04,$ Per Bushel
2026-08-07,Corn,Missouri,,Truck,4.23,4.07,4.39,$ Per Bushel
2026-08-07,Corn,Nebraska,,Truck,4.2424,4.0,4.54,$ Per Bushel
2026-08-07,Corn,Ohio,,Truck,4.66,4.54,4.74,$ Per Bushel
2026-08-07,Corn,South Dakota,,Truck,3.9283,3.74,4.21,$ Per Bushel
2026-08-07,Corn,Wisconsin,,Truck,4.032,3.87,4.25,$ Per Bushel
2026-08-10,Corn,Illinois,,Truck,4.4271,4.18,4.64,$ Per Bushel
2026-08-10,Corn,Indiana,,Truck,4.6244,4.49,4.77,$ Per Bushel
2026-08-10,Corn,Iowa,,Truck,4.2171,3.99,4.31,$ Per Bushel
2026-08-10,Corn,Kansas,,Truck,4.3825,3.91,4.79,$ Per Bushel
2026-08-10,Corn,Michigan,,Truck,4.434,4.29,4.56,$ Per Bushel
2026-08-10,Corn,Minnesota,,Truck,3.996,3.97,4.04,$ Per Bushel
2026-08-10,Corn,Missouri,,Truck,4.2225,4.07,4.39,$ Per Bushel
2026-08-10,Corn,Nebraska,,Truck,4.2424,4.0,4.54,$ Per Bushel
2026-08-10,Corn,Ohio,,Truck,4.66,4.54,4.74,$ Per Bushel
2026-08-10,Corn,South Dakota,,Truck,3.9283,3.74,4.21,$ Per Bushel
2026-08-10,Corn,Wisconsin,,Truck,4.032,3.87,4.25,$ Per Bushel
2026-08-11,Corn,Illinois,,Truck,4.4096,4.1725,4.5625,$ Per Bushel
2026-08-11,Corn,Indiana,,Truck,4.6069,4.4625,4.7625,$ Per Bushel
2026-08-11,Corn,Iowa,,Truck,4.1933,4.0825,4.2825,$ Per Bushel
2026-08-11,Corn,Kansas,,Truck,4.2392,3.9025,4.6325,$ Per Bushel
2026-08-11,Corn,Michigan,,Truck,4.4265,4.2825,4.5525,$ Per Bushel
2026-08-11,Corn,Minnesota,,Truck,3.9885,3.9625,4.0325,$ Per Bushel
2026-08-11,Corn,Missouri,,Truck,4.215,4.0625,4.3825,$ Per Bushel
2026-08-11,Corn,Nebraska,,Truck,4.2319,3.9925,4.5325,$ Per Bushel
2026-08-11,Corn,Ohio,,Truck,4.6525,4.5325,4.7325,$ Per Bushel
2026-08-11,Corn,South Dakota,,Truck,3.9242,3.7325,4.2225,$ Per Bushel
2026-08-11,Corn,Wisconsin,,Truck,4.0245,3.8625,4.2425,$ Per Bushel
2026-08-12,Corn,Illinois,,Truck,4.3989,4.1575,4.5675,$ Per Bushel
2026-08-12,Corn,Indiana,,Truck,4.5919,4.4475,4.7475,$ Per Bushel
2026-08-12,Corn,Iowa,,Truck,4.1916,3.9675,4.3175,$ Per Bushel
2026-08-12,Corn,Kansas,,Truck,4.1908,3.8875,4.5175,$ Per Bushel
2026-08-12,Corn,Michigan,,Truck,4.4115,4.2675,4.5375,$ Per Bushel
2026-08-12,Corn,Minnesota,,Truck,3.9735,3.9475,4.0175,$ Per Bushel
2026-08-12,Corn,Missouri,,Truck,4.195,4.0475,4.3675,$ Per Bushel
2026-08-12,Corn,Nebraska,,Truck,4.2169,3.9775,4.5175,$ Per Bushel
2026-08-12,Corn,Ohio,,Truck,4.6375,4.5175,4.7175,$ Per Bushel
2026-08-12,Corn,South Dakota,,Truck,3.9117,3.7175,4.2075,$ Per Bushel
2026-08-12,Corn,Wisconsin,,Truck,4.0095,3.8475,4.2275,$ Per Bushel
2026-08-13,Corn,Illinois,,Truck,4.6014,4.36,4.77,$ Per Bushel
2026-08-13,Corn,Indiana,,Truck,4.7967,4.65,4.95,$ Per Bushel
2026-08-13,Corn,Iowa,,Truck,4.3869,4.25,4.47,$ Per Bushel
2026-08-13,Corn,Kansas,,Truck,4.31,4.09,4.47,$ Per Bushel
2026-08-13,Corn,Michigan,,Truck,4.614,4.47,4.74,$ Per Bushel
2026-08-13,Corn,Minnesota,,Truck,4.172,4.13,4.22,$ Per Bushel
2026-08-13,Corn,Missouri,,Truck,4.35,4.24,4.47,$ Per Bushel
2026-08-13,Corn,Nebraska,,Truck,4.4212,4.18,4.72,$ Per Bushel
2026-08-13,Corn,Ohio,,Truck,4.8533,4.72,4.92,$ Per Bushel
2026-08-13,Corn,South Dakota,,Truck,4.1067,3.9,4.38,$ Per Bushel
2026-08-13,Corn,Wisconsin,,Truck,4.212,4.05,4.43,$ Per Bushel
2026-08-14,Corn,Illinois,,Truck,4.5157,4.27,4.68,$ Per Bushel
2026-08-14,Corn,Indiana,,Truck,4.7067,4.56,4.86,$ Per Bushel
2026-08-14,Corn,Iowa,,Truck,4.3118,4.08,4.42,$ Per Bushel
2026-08-14,Corn,Kansas,,Truck,4.3175,3.98,4.73,$ Per Bushel
2026-08-14,Corn,Michigan,,Truck,4.514,4.38,4.65,$ Per Bushel
2026-08-14,Corn,Minnesota,,Truck,4.086,4.04,4.13,$ Per Bushel
2026-08-14,Corn,Missouri,,Truck,4.26,4.15,4.38,$ Per Bushel
2026-08-14,Corn,Nebraska,,Truck,4.3312,4.09,4.63,$ Per Bushel
2026-08-14,Corn,Ohio,,Truck,4.7633,4.63,4.83,$ Per Bushel
2026-08-14,Corn,South Dakota,,Truck,4.02,3.81,4.29,$ Per Bushel
2026-08-14,Corn,Wisconsin,,Truck,4.122,3.96,4.34,$ Per Bushel
2026-08-17,Corn,Illinois,,Truck,4.6371,4.4,4.81,$ Per Bushel
2026-08-17,Corn,Indiana,,Truck,4.8189,4.67,4.97,$ Per Bushel
2026-08-17,Corn,Iowa,,Truck,4.4235,4.19,4.53,$ Per Bushel
2026-08-17,Corn,Kansas,,Truck,4.4275,4.09,4.84,$ Per Bushel
2026-08-17,Corn,Michigan,,Truck,4.624,4.49,4.76,$ Per Bushel
2026-08-17,Corn,Minnesota,,Truck,4.19,4.14,4.24,$ Per Bushel
2026-08-17,Corn,Missouri,,Truck,4.3875,4.33,4.49,$ Per Bushel
2026-08-17,Corn,Nebraska,,Truck,4.4424,4.22,4.74,$ Per Bushel
2026-08-17,Corn,Ohio,,Truck,4.8567,4.74,4.94,$ Per Bushel
2026-08-17,Corn,South Dakota,,Truck,4.1292,3.87,4.4,$ Per Bushel
2026-08-17,Corn,Wisconsin,,Truck,4.228,4.07,4.43,$ Per Bushel
2026-08-18,Corn,Illinois,,Truck,4.6943,4.44,4.87,$ Per Bushel
2026-08-18,Corn,Indiana,,Truck,4.8811,4.73,5.05,$ Per Bushel
2026-08-18,Corn,Iowa,,Truck,4.4841,4.25,4.6,$ Per Bushel
2026-08-18,Corn,Kansas,,Truck,4.4875,4.15,4.9,$ Per Bushel
2026-08-18,Corn,Michigan,,Truck,4.684,4.55,4.82,$ Per Bushel
2026-08-18,Corn,Minnesota,,Truck,4.25,4.2,4.3,$ Per Bushel
2026-08-18,Corn,Missouri,,Truck,4.4475,4.39,4.55,$ Per Bushel
2026-08-18,Corn,Nebraska,,Truck,4.5071,4.28,4.8,$ Per Bushel
2026-08-18,Corn,Ohio,,Truck,4.9167,4.8,5.0,$ Per Bushel
2026-08-18,Corn,South Dakota,,Truck,4.185,3.93,4.46,$ Per Bushel
2026-08-18,Corn,Wisconsin,,Truck,4.288,4.13,4.49,$ Per Bushel
2026-08-19,Corn,Illinois,,Truck,4.6768,4.4225,4.8825,$ Per Bushel
2026-08-19,Corn,Indiana,,Truck,4.8636,4.7125,5.0325,$ Per Bushel
2026-08-19,Corn,Iowa,,Truck,4.4654,4.2325,4.5825,$ Per Bushel
2026-08-19,Corn,Kansas,,Truck,4.4575,4.0825,4.8825,$ Per Bushel
2026-08-19,Corn,Michigan,,Truck,4.6665,4.5325,4.8025,$ Per Bushel
2026-08-19,Corn,Minnesota,,Truck,4.2265,4.1825,4.2725,$ Per Bushel
2026-08-19,Corn,Missouri,,Truck,4.4275,4.3825,4.5325,$ Per Bushel
2026-08-19,Corn,Nebraska,,Truck,4.4884,4.2625,4.7825,$ Per Bushel
2026-08-19,Corn,Ohio,,Truck,4.8992,4.7825,4.9825,$ Per Bushel
2026-08-19,Corn,South Dakota,,Truck,4.1692,3.9525,4.4425,$ Per Bushel
2026-08-19,Corn,Wisconsin,,Truck,4.2745,4.1125,4.4925,$ Per Bushel
2026-08-20,Corn,Illinois,,Truck,4.77,4.51,4.98,$ Per Bushel
2026-08-20,Corn,Indiana,,Truck,4.9444,4.81,5.13,$ Per Bushel
2026-08-20,Corn,Iowa,,Truck,4.5582,4.33,4.68,$ Per Bushel
2026-08-20,Corn,Kansas,,Truck,4.555,4.18,4.98,$ Per Bushel
2026-08-20,Corn,Michigan,,Truck,4.764,4.63,4.9,$ Per Bushel
2026-08-20,Corn,Minnesota,,Truck,4.324,4.28,4.37,$ Per Bushel
2026-08-20,Corn,Missouri,,Truck,4.525,4.48,4.63,$ Per Bushel
2026-08-20,Corn,Nebraska,,Truck,4.5888,4.36,4.88,$ Per Bushel
2026-08-20,Corn,Ohio,,Truck,4.9883,4.88,5.08,$ Per Bushel
2026-08-20,Corn,South Dakota,,Truck,4.2608,4.0,4.52,$ Per Bushel
2026-08-20,Corn,Wisconsin,,Truck,4.36,4.21,4.53,$ Per Bushel
2026-08-21,Corn,Illinois,,Truck,4.82,4.5575,5.0375,$ Per Bushel
2026-08-21,Corn,Indiana,,Truck,4.9906,4.8675,5.1875,$ Per Bushel
2026-08-21,Corn,Iowa,,Truck,4.614,4.3375,4.7375,$ Per Bushel
2026-08-21,Corn,Kansas,,Truck,4.7356,4.485,5.035,$ Per Bushel
2026-08-21,Corn,Michigan,,Truck,4.8215,4.6875,4.9575,$ Per Bushel
2026-08-21,Corn,Minnesota,,Truck,4.381,4.335,4.4275,$ Per Bushel
2026-08-21,Corn,Missouri,,Truck,4.5825,4.5375,4.6875,$ Per Bushel
2026-08-21,Corn,Nebraska,,Truck,4.6475,4.3975,4.9375,$ Per Bushel
2026-08-21,Corn,Ohio,,Truck,5.0208,4.9375,5.1375,$ Per Bushel
2026-08-21,Corn,South Dakota,,Truck,4.315,4.0675,4.5475,$ Per Bushel
2026-08-21,Corn,Wisconsin,,Truck,4.4175,4.2675,4.5875,$ Per Bushel
2026-08-24,Corn,Illinois,,Truck,4.8614,4.5975,5.0875,$ Per Bushel
2026-08-24,Corn,Indiana,,Truck,5.0406,4.9175,5.2375,$ Per Bushel
2026-08-24,Corn,Iowa,,Truck,4.6406,4.5075,4.7875,$ Per Bushel
2026-08-24,Corn,Kansas,,Truck,4.8106,4.535,5.185,$ Per Bushel
2026-08-24,Corn,Michigan,,Truck,4.8675,4.7375,4.9875,$ Per Bushel
2026-08-24,Corn,Minnesota,,Truck,4.421,4.335,4.4775,$ Per Bushel
2026-08-24,Corn,Missouri,,Truck,4.6275,4.5675,4.7375,$ Per Bushel
2026-08-24,Corn,Nebraska,,Truck,4.7137,4.4475,4.9875,$ Per Bushel
2026-08-24,Corn,Ohio,,Truck,5.0625,4.9375,5.1875,$ Per Bushel
2026-08-24,Corn,South Dakota,,Truck,4.3642,4.1075,4.5975,$ Per Bushel
2026-08-24,Corn,Wisconsin,,Truck,4.4675,4.3175,4.6375,$ Per Bushel
2026-08-25,Corn,Illinois,,Truck,4.9336,4.665,5.115,$ Per Bushel
2026-08-25,Corn,Indiana,,Truck,5.1383,4.995,5.315,$ Per Bushel
2026-08-25,Corn,Iowa,,Truck,4.7181,4.585,4.865,$ Per Bushel
2026-08-25,Corn,Kansas,,Truck,4.8725,4.565,5.255,$ Per Bushel
2026-08-25,Corn,Michigan,,Truck,4.945,4.815,5.065,$ Per Bushel
2026-08-25,Corn,Minnesota,,Truck,4.497,4.405,4.555,$ Per Bushel
2026-08-25,Corn,Missouri,,Truck,4.7025,4.645,4.815,$ Per Bushel
2026-08-25,Corn,Nebraska,,Truck,4.7974,4.525,5.065,$ Per Bushel
2026-08-25,Corn,Ohio,,Truck,5.1483,5.015,5.315,$ Per Bushel
2026-08-25,Corn,South Dakota,,Truck,4.4375,4.185,4.675,$ Per Bushel
2026-08-25,Corn,Wisconsin,,Truck,4.545,4.395,4.715,$ Per Bushel
2026-08-26,Corn,Illinois,,Truck,5.0264,4.755,5.205,$ Per Bushel
2026-08-26,Corn,Indiana,,Truck,5.2083,5.055,5.425,$ Per Bushel
2026-08-26,Corn,Iowa,,Truck,4.8438,4.755,4.955,$ Per Bushel
2026-08-26,Corn,Kansas,,Truck,5.0125,4.645,5.335,$ Per Bushel
2026-08-26,Corn,Michigan,,Truck,5.045,4.905,5.155,$ Per Bushel
2026-08-26,Corn,Minnesota,,Truck,4.585,4.485,4.645,$ Per Bushel
2026-08-26,Corn,Missouri,,Truck,4.7925,4.735,4.905,$ Per Bushel
2026-08-26,Corn,Nebraska,,Truck,4.8885,4.615,5.155,$ Per Bushel
2026-08-26,Corn,Ohio,,Truck,5.255,5.155,5.405,$ Per Bushel
2026-08-26,Corn,South Dakota,,Truck,4.53,4.305,4.755,$ Per Bushel
2026-08-26,Corn,Wisconsin,,Truck,4.635,4.485,4.805,$ Per Bushel
2026-08-27,Corn,Illinois,,Truck,5.1479,4.86,5.305,$ Per Bushel
2026-08-27,Corn,Indiana,,Truck,5.3394,5.14,5.56,$ Per Bushel
2026-08-27,Corn,Iowa,,Truck,4.9535,4.81,5.09,$ Per Bushel
2026-08-27,Corn,Kansas,,Truck,5.1425,4.775,5.465,$ Per Bushel
2026-08-27,Corn,Michigan,,Truck,5.18,5.04,5.29,$ Per Bushel
2026-08-27,Corn,Minnesota,,Truck,4.709,4.565,4.78,$ Per Bushel
2026-08-27,Corn,Missouri,,Truck,4.9163,4.86,5.015,$ Per Bushel
2026-08-27,Corn,Nebraska,,Truck,5.0247,4.755,5.295,$ Per Bushel
2026-08-27,Corn,Ohio,,Truck,5.3983,5.29,5.54,$ Per Bushel
2026-08-27,Corn,South Dakota,,Truck,4.6554,4.41,4.86,$ Per Bushel
2026-08-27,Corn,Wisconsin,,Truck,4.77,4.62,4.94,$ Per Bushel
2026-08-28,Corn,Illinois,,Truck,5.1004,4.7925,5.275,$ Per Bushel
2026-08-28,Corn,Indiana,,Truck,5.3239,5.185,5.6025,$ Per Bushel
2026-08-28,Corn,Iowa,,Truck,4.9407,4.855,5.035,$ Per Bushel
2026-08-28,Corn,Kansas,,Truck,5.0875,4.745,5.435,$ Per Bushel
2026-08-28,Corn,Michigan,,Truck,5.1335,4.955,5.305,$ Per Bushel
2026-08-28,Corn,Minnesota,,Truck,4.673,4.535,4.7425,$ Per Bushel
2026-08-28,Corn,Missouri,,Truck,4.8756,4.8025,4.985,$ Per Bushel
2026-08-28,Corn,Nebraska,,Truck,4.99,4.725,5.265,$ Per Bushel
2026-08-28,Corn,Ohio,,Truck,5.3913,5.2525,5.635,$ Per Bushel
2026-08-28,Corn,South Dakota,,Truck,4.624,4.3725,4.815,$ Per Bushel
2026-08-28,Corn,Wisconsin,,Truck,4.739,4.5825,4.9025,$ Per Bushel
2026-08-31,Corn,Illinois,,Truck,5.1214,4.81,5.305,$ Per Bushel
2026-08-31,Corn,Indiana,,Truck,5.3483,5.165,5.62,$ Per Bushel
2026-08-31,Corn,Iowa,,Truck,4.9621,4.885,5.065,$ Per Bushel
2026-08-31,Corn,Kansas,,Truck,5.1175,4.775,5.465,$ Per Bushel
2026-08-31,Corn,Michigan,,Truck,5.165,4.985,5.335,$ Per Bushel
2026-08-31,Corn,Minnesota,,Truck,4.6975,4.565,4.775,$ Per Bushel
2026-08-31,Corn,Missouri,,Truck,4.8963,4.82,5.015,$ Per Bushel
2026-08-31,Corn,Nebraska,,Truck,5.0224,4.755,5.295,$ Per Bushel
2026-08-31,Corn,Ohio,,Truck,5.4242,5.27,5.665,$ Per Bushel
2026-08-31,Corn,South Dakota,,Truck,4.6788,4.495,4.835,$ Per Bushel
2026-08-31,Corn,Wisconsin,,Truck,4.76,4.6,4.925,$ Per Bushel
2026-09-01,Corn,Illinois,,Truck,5.1661,4.8375,5.3275,$ Per Bushel
2026-09-01,Corn,Indiana,,Truck,5.3611,5.1775,5.6575,$ Per Bushel
2026-09-01,Corn,Iowa,,Truck,4.9882,4.8975,5.0775,$ Per Bushel
2026-09-01,Corn,Kansas,,Truck,5.13,4.7875,5.4775,$ Per Bushel
2026-09-01,Corn,Michigan,,Truck,5.19,4.9975,5.3475,$ Per Bushel
2026-09-01,Corn,Minnesota,,Truck,4.735,4.5775,4.8175,$ Per Bushel
2026-09-01,Corn,Missouri,,Truck,4.9181,4.8375,5.0275,$ Per Bushel
2026-09-01,Corn,Nebraska,,Truck,5.0378,4.7675,5.3075,$ Per Bushel
2026-09-01,Corn,Ohio,,Truck,5.4813,5.3775,5.6775,$ Per Bushel
2026-09-01,Corn,South Dakota,,Truck,4.6971,4.5075,4.8475,$ Per Bushel
2026-09-01,Corn,Wisconsin,,Truck,4.7985,4.6775,4.9375,$ Per Bushel
2026-09-02,Corn,Illinois,,Truck,5.2414,4.92,5.44,$ Per Bushel
2026-09-02,Corn,Indiana,,Truck,5.4622,5.26,5.74,$ Per Bushel
2026-09-02,Corn,Iowa,,Truck,5.07,4.85,5.23,$ Per Bushel
2026-09-02,Corn,Kansas,,Truck,5.2125,4.87,5.56,$ Per Bushel
2026-09-02,Corn,Michigan,,Truck,5.278,5.08,5.43,$ Per Bushel
2026-09-02,Corn,Minnesota,,Truck,4.8183,4.66,4.9,$ Per Bushel
2026-09-02,Corn,Missouri,,Truck,5.0,4.92,5.11,$ Per Bushel
2026-09-02,Corn,Nebraska,,Truck,5.1453,4.92,5.44,$ Per Bushel
2026-09-02,Corn,Ohio,,Truck,5.5683,5.46,5.76,$ Per Bushel
2026-09-02,Corn,South Dakota,,Truck,4.7858,4.6,4.97,$ Per Bushel
2026-09-02,Corn,Wisconsin,,Truck,4.836,4.71,4.97,$ Per Bushel
2026-09-03,Corn,Illinois,,Truck,5.2179,4.895,5.415,$ Per Bushel
2026-09-03,Corn,Indiana,,Truck,5.4394,5.215,5.715,$ Per Bushel
2026-09-03,Corn,Iowa,,Truck,5.0609,4.955,5.155,$ Per Bushel
2026-09-03,Corn,Kansas,,Truck,5.1875,4.845,5.535,$ Per Bushel
2026-09-03,Corn,Michigan,,Truck,5.243,5.055,5.405,$ Per Bushel
2026-09-03,Corn,Minnesota,,Truck,4.7767,4.635,4.875,$ Per Bushel
2026-09-03,Corn,Missouri,,Truck,4.975,4.895,5.085,$ Per Bushel
2026-09-03,Corn,Nebraska,,Truck,5.1168,4.895,5.415,$ Per Bushel
2026-09-03,Corn,Ohio,,Truck,5.5433,5.435,5.735,$ Per Bushel
2026-09-03,Corn,South Dakota,,Truck,4.7625,4.575,4.945,$ Per Bushel
2026-09-03,Corn,Wisconsin,,Truck,4.863,4.685,5.015,$ Per Bushel
2026-09-04,Corn,Illinois,,Truck,5.1789,4.8675,5.3875,$ Per Bushel
2026-09-04,Corn,Indiana,,Truck,5.4119,5.1875,5.6875,$ Per Bushel
2026-09-04,Corn,Iowa,,Truck,5.0399,4.9275,5.1475,$ Per Bushel
2026-09-04,Corn,Kansas,,Truck,5.1475,4.7675,5.5075,$ Per Bushel
2026-09-04,Corn,Michigan,,Truck,5.2155,5.0275,5.3775,$ Per Bushel
2026-09-04,Corn,Minnesota,,Truck,4.7558,4.6075,4.8475,$ Per Bushel
2026-09-04,Corn,Missouri,,Truck,4.9475,4.8675,5.0575,$ Per Bushel
2026-09-04,Corn,Nebraska,,Truck,5.0928,4.8675,5.3875,$ Per Bushel
2026-09-04,Corn,Ohio,,Truck,5.5158,5.4075,5.7075,$ Per Bushel
2026-09-04,Corn,South Dakota,,Truck,4.7433,4.5475,4.9475,$ Per Bushel
2026-09-04,Corn,Wisconsin,,Truck,4.8095,4.6575,4.9875,$ Per Bushel
2026-09-08,Corn,Illinois,,Truck,5.1346,4.8275,5.3475,$ Per Bushel
2026-09-08,Corn,Indiana,,Truck,5.3664,5.1475,5.6475,$ Per Bushel
2026-09-08,Corn,Iowa,,Truck,5.0199,4.8875,5.2175,$ Per Bushel
2026-09-08,Corn,Kansas,,Truck,5.1208,4.7275,5.4675,$ Per Bushel
2026-09-08,Corn,Michigan,,Truck,5.1755,4.9875,5.3375,$ Per Bushel
2026-09-08,Corn,Minnesota,,Truck,4.7158,4.5675,4.8075,$ Per Bushel
2026-09-08,Corn,Missouri,,Truck,4.91,4.8175,5.0175,$ Per Bushel
2026-09-08,Corn,Nebraska,,Truck,5.0534,4.8275,5.3475,$ Per Bushel
2026-09-08,Corn,Ohio,,Truck,5.4892,5.3675,5.6675,$ Per Bushel
2026-09-08,Corn,South Dakota,,Truck,4.7083,4.5075,4.9075,$ Per Bushel
2026-09-08,Corn,Wisconsin,,Truck,4.7695,4.6175,4.9475,$ Per Bushel
2026-09-09,Corn,Illinois,,Truck,5.0907,4.795,5.315,$ Per Bushel
2026-09-09,Corn,Indiana,,Truck,5.3428,5.115,5.615,$ Per Bushel
2026-09-09,Corn,Iowa,,Truck,4.9968,4.895,5.185,$ Per Bushel
2026-09-09,Corn,Kansas,,Truck,5.0625,4.695,5.435,$ Per Bushel
2026-09-09,Corn,Michigan,,Truck,5.143,4.955,5.305,$ Per Bushel
2026-09-09,Corn,Minnesota,,Truck,4.6883,4.535,4.785,$ Per Bushel
2026-09-09,Corn,Missouri,,Truck,4.88,4.785,4.985,$ Per Bushel
2026-09-09,Corn,Nebraska,,Truck,5.0285,4.795,5.315,$ Per Bushel
2026-09-09,Corn,Ohio,,Truck,5.46,5.335,5.635,$ Per Bushel
2026-09-09,Corn,South Dakota,,Truck,4.68,4.475,4.875,$ Per Bushel
2026-09-09,Corn,Wisconsin,,Truck,4.737,4.585,4.915,$ Per Bushel
2026-09-10,Corn,Illinois,,Truck,5.0404,4.7975,5.2575,$ Per Bushel
2026-09-10,Corn,Indiana,,Truck,5.2853,5.0575,5.5575,$ Per Bushel
2026-09-10,Corn,Iowa,,Truck,4.9451,4.8575,5.0975,$ Per Bushel
2026-09-10,Corn,Kansas,,Truck,5.005,4.6375,5.3775,$ Per Bushel
2026-09-10,Corn,Michigan,,Truck,5.0855,4.8975,5.2475,$ Per Bushel
2026-09-10,Corn,Minnesota,,Truck,4.6308,4.4775,4.7275,$ Per Bushel
2026-09-10,Corn,Missouri,,Truck,4.8275,4.7275,4.9275,$ Per Bushel
2026-09-10,Corn,Nebraska,,Truck,4.974,4.7375,5.2575,$ Per Bushel
2026-09-10,Corn,Ohio,,Truck,5.4092,5.2775,5.5775,$ Per Bushel
2026-09-10,Corn,South Dakota,,Truck,4.6208,4.4275,4.8175,$ Per Bushel
2026-09-10,Corn,Wisconsin,,Truck,4.6795,4.5275,4.8575,$ Per Bushel
2026-09-11,Corn,Illinois,,Truck,5.1061,4.8575,5.3175,$ Per Bushel
2026-09-11,Corn,Indiana,,Truck,5.3564,5.1175,5.6175,$ Per Bushel
2026-09-11,Corn,Iowa,,Truck,4.9652,4.7275,5.0875,$ Per Bushel
2026-09-11,Corn,Kansas,,Truck,5.065,4.6975,5.4375,$ Per Bushel
2026-09-11,Corn,Michigan,,Truck,5.1455,4.9575,5.3075,$ Per Bushel
2026-09-11,Corn,Minnesota,,Truck,4.6908,4.5375,4.7875,$ Per Bushel
2026-09-11,Corn,Missouri,,Truck,4.8875,4.7875,4.9875,$ Per Bushel
2026-09-11,Corn,Nebraska,,Truck,5.0322,4.7975,5.3175,$ Per Bushel
2026-09-11,Corn,Ohio,,Truck,5.4858,5.3875,5.6375,$ Per Bushel
2026-09-11,Corn,South Dakota,,Truck,4.6867,4.4875,4.8975,$ Per Bushel
2026-09-11,Corn,Wisconsin,,Truck,4.7395,4.5875,4.9175,$ Per Bushel
2026-09-14,Corn,Illinois,,Truck,5.0711,4.8225,5.2825,$ Per Bushel
2026-09-14,Corn,Indiana,,Truck,5.3103,5.0825,5.5825,$ Per Bushel
2026-09-14,Corn,Iowa,,Truck,4.9302,4.6925,5.0525,$ Per Bushel
2026-09-14,Corn,Kansas,,Truck,5.03,4.6625,5.4025,$ Per Bushel
2026-09-14,Corn,Michigan,,Truck,5.1105,4.9225,5.2725,$ Per Bushel
2026-09-14,Corn,Minnesota,,Truck,4.6842,4.5025,4.7725,$ Per Bushel
2026-09-14,Corn,Missouri,,Truck,4.84,4.7525,4.9525,$ Per Bushel
2026-09-14,Corn,Nebraska,,Truck,4.9943,4.7625,5.2825,$ Per Bushel
2026-09-14,Corn,Ohio,,Truck,5.4558,5.3525,5.6025,$ Per Bushel
2026-09-14,Corn,South Dakota,,Truck,4.6508,4.4525,4.8625,$ Per Bushel
2026-09-14,Corn,Wisconsin,,Truck,4.7045,4.5525,4.8825,$ Per Bushel
2026-09-15,Corn,Illinois,,Truck,5.1011,4.8525,5.3125,$ Per Bushel
2026-09-15,Corn,Indiana,,Truck,5.3292,5.1125,5.6125,$ Per Bushel
2026-09-15,Corn,Iowa,,Truck,4.996,4.9125,5.1525,$ Per Bushel
2026-09-15,Corn,Kansas,,Truck,5.06,4.6925,5.4325,$ Per Bushel
2026-09-15,Corn,Michigan,,Truck,5.1405,4.9525,5.3025,$ Per Bushel
2026-09-15,Corn,Minnesota,,Truck,4.7142,4.5325,4.8025,$ Per Bushel
2026-09-15,Corn,Missouri,,Truck,4.865,4.7825,4.9825,$ Per Bushel
2026-09-15,Corn,Nebraska,,Truck,5.0301,4.7925,5.3125,$ Per Bushel
2026-09-15,Corn,Ohio,,Truck,5.4408,5.3325,5.5325,$ Per Bushel
2026-09-15,Corn,South Dakota,,Truck,4.675,4.4825,4.8925,$ Per Bushel
2026-09-15,Corn,Wisconsin,,Truck,4.7345,4.5825,4.9125,$ Per Bushel
2026-09-16,Corn,Illinois,,Truck,5.1218,4.8775,5.2775,$ Per Bushel
2026-09-16,Corn,Indiana,,Truck,5.3486,5.1375,5.6375,$ Per Bushel
2026-09-16,Corn,Iowa,,Truck,5.0044,4.7475,5.1975,$ Per Bushel
2026-09-16,Corn,Kansas,,Truck,5.085,4.7175,5.4575,$ Per Bushel
2026-09-16,Corn,Michigan,,Truck,5.1655,4.9775,5.3275,$ Per Bushel
2026-09-16,Corn,Minnesota,,Truck,4.7425,4.5575,4.8275,$ Per Bushel
2026-09-16,Corn,Missouri,,Truck,4.89,4.8075,5.0075,$ Per Bushel
2026-09-16,Corn,Nebraska,,Truck,5.0499,4.8175,5.3375,$ Per Bushel
2026-09-16,Corn,Ohio,,Truck,5.4658,5.3575,5.5575,$ Per Bushel
2026-09-16,Corn,South Dakota,,Truck,4.7158,4.5075,4.9175,$ Per Bushel
2026-09-16,Corn,Wisconsin,,Truck,4.7595,4.6075,4.9375,$ Per Bushel
2026-09-17,Corn,Illinois,,Truck,5.1182,4.9225,5.2625,$ Per Bushel
2026-09-17,Corn,Indiana,,Truck,5.3469,5.1925,5.6225,$ Per Bushel
2026-09-17,Corn,Iowa,,Truck,5.0196,4.9425,5.1625,$ Per Bushel
2026-09-17,Corn,Kansas,,Truck,5.1575,4.7025,5.4425,$ Per Bushel
2026-09-17,Corn,Michigan,,Truck,5.1165,4.9625,5.2425,$ Per Bushel
2026-09-17,Corn,Minnesota,,Truck,4.7242,4.5425,4.8125,$ Per Bushel
2026-09-17,Corn,Missouri,,Truck,4.8675,4.7925,4.9925,$ Per Bushel
2026-09-17,Corn,Nebraska,,Truck,5.0401,4.8425,5.3225,$ Per Bushel
2026-09-17,Corn,Ohio,,Truck,5.4258,5.2425,5.5425,$ Per Bushel
2026-09-17,Corn,South Dakota,,Truck,4.6967,4.4925,4.9025,$ Per Bushel
2026-09-17,Corn,Wisconsin,,Truck,4.7445,4.5925,4.9225,$ Per Bushel
